run_id,failure_mode,failure_s,status,split
1,burst,172,burst_extension,excluded
2,burst,103,burst_extension,excluded
3,clog,905,main,train
4,clog,1064,main,test
5,burst,719,burst_extension,excluded
6,burst,498,burst_extension,excluded
7,burst,548,burst_extension,excluded
8,clog,1596,main,test
9,clog,764,main,train
10,clog,840,main,train
11,burst,40,burst_extension,excluded
12,clog,346,main,train
13,clog,285,main,train
14,burst,89,burst_extension,excluded
15,clog,714,main,train
16,burst,174,burst_extension,excluded
17,clog,473,main,test
18,clog,792,main,train
19,clog,774,main,train
20,clog,529,main,train
21,clog,556,main,train
22,clog,799,main,test
23,clog,666,main,test
24,clog,425,main,train
25,clog,353,main,train
26,clog,204,main,train
27,burst,18,burst_extension,excluded
28,clog,221,main,train
29,clog,866,time_mismatch,excluded
30,burst,326,burst_extension,excluded
31,burst,201,burst_extension,excluded
32,burst,470,burst_extension,excluded
33,clog,695,main,train
34,clog,857,main,train
35,clog,971,main,train
36,clog,741,main,train
37,clog,424,main,train
38,clog,614,main,train
39,clog,779,main,train
40,burst,605,burst_extension,excluded
41,clog,1136,main,train
42,clog,272,main,train
43,clog,187,main,train
44,clog,348,main,train
45,burst,311,burst_extension,excluded
46,clog,370,main,train
47,burst,138,burst_extension,excluded
48,burst,117,burst_extension,excluded
49,burst,116,burst_extension,excluded
50,clog,323,main,train
51,clog,499,main,train
52,clog,391,main,test
53,burst,197,burst_extension,excluded
54,clog,126,main,train
55,clog,255,main,train
56,clog,247,main,test
57,clog,139,main,train
58,clog,142,main,train
59,clog,115,main,test
60,clog,156,main,train
