cycle_id,cooler,valve,pump_leakage,accumulator,stable_flag,condition_group,split
1,3,100,0,130,1,3_100_0_130,train
2,3,100,0,130,1,3_100_0_130,train
3,3,100,0,130,1,3_100_0_130,train
4,3,100,0,130,1,3_100_0_130,train
5,3,100,0,130,1,3_100_0_130,train
6,3,100,0,130,1,3_100_0_130,train
7,3,100,0,130,1,3_100_0_130,train
8,3,100,0,130,1,3_100_0_130,train
9,3,100,0,130,1,3_100_0_130,train
10,3,100,0,130,1,3_100_0_130,train
11,3,100,0,130,1,3_100_0_130,train
12,3,100,0,130,1,3_100_0_130,train
13,3,100,0,130,1,3_100_0_130,train
14,3,100,0,130,1,3_100_0_130,train
15,3,100,0,130,1,3_100_0_130,train
16,3,100,0,130,1,3_100_0_130,train
17,3,100,0,130,1,3_100_0_130,train
18,3,100,0,130,1,3_100_0_130,train
19,3,100,0,130,1,3_100_0_130,train
20,3,100,0,130,1,3_100_0_130,train
21,3,100,0,130,1,3_100_0_130,train
22,3,100,0,130,1,3_100_0_130,train
23,3,100,0,130,1,3_100_0_130,train
24,3,100,0,130,1,3_100_0_130,train
25,3,100,0,130,1,3_100_0_130,train
26,3,100,0,130,1,3_100_0_130,train
27,3,100,0,130,1,3_100_0_130,train
28,3,100,0,130,1,3_100_0_130,train
29,3,100,0,130,1,3_100_0_130,train
30,3,100,0,130,1,3_100_0_130,train
31,3,100,0,130,1,3_100_0_130,train
32,3,100,0,130,1,3_100_0_130,train
33,3,100,0,130,1,3_100_0_130,train
34,3,100,0,130,1,3_100_0_130,train
35,3,100,0,130,1,3_100_0_130,train
36,3,100,0,130,1,3_100_0_130,train
37,3,100,0,130,1,3_100_0_130,train
38,3,100,0,130,1,3_100_0_130,train
39,3,100,0,130,1,3_100_0_130,train
40,3,100,0,130,1,3_100_0_130,train
41,3,100,0,130,1,3_100_0_130,train
42,3,100,0,130,1,3_100_0_130,train
43,3,100,0,130,1,3_100_0_130,train
44,3,100,0,130,1,3_100_0_130,train
45,3,100,0,130,1,3_100_0_130,train
46,3,100,0,130,1,3_100_0_130,train
47,3,100,0,130,1,3_100_0_130,train
48,3,100,0,130,1,3_100_0_130,train
49,3,100,0,130,1,3_100_0_130,train
50,3,100,0,130,1,3_100_0_130,train
51,3,100,0,130,1,3_100_0_130,train
52,3,100,0,130,1,3_100_0_130,train
53,3,100,0,130,1,3_100_0_130,train
54,3,100,0,130,1,3_100_0_130,train
55,3,100,0,130,1,3_100_0_130,train
56,3,100,0,130,1,3_100_0_130,train
57,3,100,0,130,1,3_100_0_130,train
58,3,100,0,130,1,3_100_0_130,train
59,3,100,0,130,1,3_100_0_130,train
60,3,100,0,130,1,3_100_0_130,train
61,3,100,0,130,1,3_100_0_130,train
62,3,100,0,130,1,3_100_0_130,train
63,3,100,0,130,1,3_100_0_130,train
64,3,100,0,130,1,3_100_0_130,train
65,3,100,0,130,1,3_100_0_130,train
66,3,100,0,130,1,3_100_0_130,train
67,3,100,0,130,1,3_100_0_130,train
68,3,100,0,130,1,3_100_0_130,train
69,3,100,0,130,1,3_100_0_130,train
70,3,100,0,130,1,3_100_0_130,train
71,3,100,0,130,1,3_100_0_130,train
72,3,100,0,130,1,3_100_0_130,train
73,3,100,0,130,1,3_100_0_130,train
74,3,100,0,130,1,3_100_0_130,train
75,3,100,0,130,1,3_100_0_130,train
76,3,100,0,130,1,3_100_0_130,train
77,3,100,0,130,1,3_100_0_130,train
78,3,100,0,130,1,3_100_0_130,train
79,3,100,0,130,1,3_100_0_130,train
80,3,100,0,130,1,3_100_0_130,train
81,3,100,0,130,1,3_100_0_130,train
82,3,100,0,130,1,3_100_0_130,train
83,3,100,0,130,1,3_100_0_130,train
84,3,100,0,130,1,3_100_0_130,train
85,3,100,0,130,1,3_100_0_130,train
86,3,100,0,130,1,3_100_0_130,train
87,3,100,0,130,1,3_100_0_130,train
88,3,100,0,130,1,3_100_0_130,train
89,3,100,0,130,1,3_100_0_130,train
90,3,100,0,130,1,3_100_0_130,train
91,3,100,0,130,1,3_100_0_130,train
92,3,100,0,130,1,3_100_0_130,train
93,3,100,0,130,1,3_100_0_130,train
94,3,100,0,130,1,3_100_0_130,train
95,3,100,0,130,1,3_100_0_130,train
96,3,100,0,130,1,3_100_0_130,train
97,3,100,0,130,1,3_100_0_130,train
98,3,100,0,130,1,3_100_0_130,train
99,3,100,0,130,1,3_100_0_130,train
100,3,100,0,130,1,3_100_0_130,train
101,3,100,0,130,1,3_100_0_130,train
102,3,100,0,130,1,3_100_0_130,train
103,3,100,0,130,1,3_100_0_130,train
104,3,100,0,130,1,3_100_0_130,train
105,3,100,0,130,1,3_100_0_130,train
106,3,100,0,130,1,3_100_0_130,train
107,3,100,0,130,1,3_100_0_130,train
108,3,100,0,130,1,3_100_0_130,train
109,3,100,0,130,1,3_100_0_130,train
110,3,100,0,130,1,3_100_0_130,train
111,3,100,0,130,1,3_100_0_130,train
112,3,100,0,130,1,3_100_0_130,train
113,3,100,0,130,1,3_100_0_130,train
114,3,100,0,130,1,3_100_0_130,train
115,3,100,0,130,1,3_100_0_130,train
116,3,100,0,130,1,3_100_0_130,train
117,3,100,0,130,1,3_100_0_130,train
118,3,100,0,130,1,3_100_0_130,train
119,3,100,0,130,1,3_100_0_130,train
120,3,100,0,130,1,3_100_0_130,train
121,3,100,0,130,1,3_100_0_130,train
122,3,100,0,130,1,3_100_0_130,train
123,3,100,0,130,1,3_100_0_130,train
124,3,100,0,130,1,3_100_0_130,train
125,3,100,0,130,1,3_100_0_130,train
126,3,100,0,130,1,3_100_0_130,train
127,3,100,0,130,1,3_100_0_130,train
128,3,100,0,130,1,3_100_0_130,train
129,3,100,0,130,1,3_100_0_130,train
130,3,100,0,130,1,3_100_0_130,train
131,3,100,0,130,1,3_100_0_130,train
132,3,100,0,130,1,3_100_0_130,train
133,3,100,0,130,1,3_100_0_130,train
134,3,100,0,130,1,3_100_0_130,train
135,3,100,0,130,1,3_100_0_130,train
136,3,100,0,130,1,3_100_0_130,train
137,3,100,0,130,1,3_100_0_130,train
138,3,100,0,130,1,3_100_0_130,train
139,3,100,0,130,1,3_100_0_130,train
140,3,100,0,130,1,3_100_0_130,train
141,3,100,0,130,1,3_100_0_130,train
142,3,100,0,130,1,3_100_0_130,train
143,3,100,0,130,1,3_100_0_130,train
144,3,100,0,130,1,3_100_0_130,train
145,3,100,0,130,1,3_100_0_130,train
146,3,100,0,130,1,3_100_0_130,train
147,3,100,0,130,1,3_100_0_130,train
148,3,100,0,130,1,3_100_0_130,train
149,3,100,0,130,1,3_100_0_130,train
150,3,100,0,130,1,3_100_0_130,train
151,3,100,0,130,1,3_100_0_130,train
152,3,100,0,130,1,3_100_0_130,train
153,3,100,0,130,1,3_100_0_130,train
154,3,100,0,130,1,3_100_0_130,train
155,3,100,0,130,1,3_100_0_130,train
156,3,100,0,130,1,3_100_0_130,train
157,3,100,0,130,1,3_100_0_130,train
158,3,100,0,130,1,3_100_0_130,train
159,3,100,0,130,1,3_100_0_130,train
160,3,100,0,130,1,3_100_0_130,train
161,3,100,0,130,1,3_100_0_130,train
162,3,100,0,130,1,3_100_0_130,train
163,3,100,0,130,1,3_100_0_130,train
164,3,100,0,130,1,3_100_0_130,train
165,3,100,0,130,1,3_100_0_130,train
166,3,100,0,130,1,3_100_0_130,train
167,3,100,0,130,1,3_100_0_130,train
168,3,100,0,130,1,3_100_0_130,train
169,3,100,0,130,1,3_100_0_130,train
170,3,100,0,130,1,3_100_0_130,train
171,3,100,0,130,1,3_100_0_130,train
172,3,100,0,130,1,3_100_0_130,train
173,3,100,0,130,1,3_100_0_130,train
174,3,100,0,130,1,3_100_0_130,train
175,3,100,0,130,1,3_100_0_130,train
176,3,100,0,130,1,3_100_0_130,train
177,3,100,0,130,1,3_100_0_130,train
178,3,100,0,130,1,3_100_0_130,train
179,3,100,0,130,1,3_100_0_130,train
180,3,100,0,130,1,3_100_0_130,train
181,3,100,0,130,1,3_100_0_130,train
182,3,100,0,130,1,3_100_0_130,train
183,3,100,0,130,1,3_100_0_130,train
184,3,100,0,130,1,3_100_0_130,train
185,3,100,0,130,1,3_100_0_130,train
186,3,100,0,130,1,3_100_0_130,train
187,3,100,0,130,1,3_100_0_130,train
188,3,100,0,130,1,3_100_0_130,train
189,3,100,0,130,1,3_100_0_130,train
190,3,100,0,130,1,3_100_0_130,train
191,3,100,0,130,1,3_100_0_130,train
192,3,100,0,130,1,3_100_0_130,train
193,3,100,0,130,1,3_100_0_130,train
194,3,100,0,130,1,3_100_0_130,train
195,3,100,0,130,1,3_100_0_130,train
196,3,100,0,130,1,3_100_0_130,train
197,3,100,0,130,1,3_100_0_130,train
198,3,100,0,130,1,3_100_0_130,train
199,3,100,0,130,1,3_100_0_130,train
200,3,100,0,130,1,3_100_0_130,train
201,3,100,0,130,1,3_100_0_130,train
202,3,100,0,130,1,3_100_0_130,train
203,3,100,0,130,1,3_100_0_130,train
204,3,100,0,130,1,3_100_0_130,train
205,3,100,0,130,1,3_100_0_130,train
206,3,100,0,130,1,3_100_0_130,train
207,3,100,0,130,1,3_100_0_130,train
208,3,100,0,130,1,3_100_0_130,train
209,3,100,0,130,1,3_100_0_130,train
210,3,100,0,130,1,3_100_0_130,train
211,3,100,2,130,1,3_100_2_130,test
212,3,73,2,130,0,3_73_2_130,train
213,3,73,2,130,0,3_73_2_130,train
214,3,73,2,130,0,3_73_2_130,train
215,3,73,2,130,0,3_73_2_130,train
216,3,73,2,130,0,3_73_2_130,train
217,3,73,2,130,0,3_73_2_130,train
218,3,73,2,130,0,3_73_2_130,train
219,3,73,2,130,0,3_73_2_130,train
220,3,73,2,130,0,3_73_2_130,train
221,3,73,2,130,0,3_73_2_130,train
222,3,80,2,130,0,3_80_2_130,train
223,3,80,2,130,0,3_80_2_130,train
224,3,80,2,130,0,3_80_2_130,train
225,3,80,2,130,0,3_80_2_130,train
226,3,80,2,130,0,3_80_2_130,train
227,3,80,2,130,0,3_80_2_130,train
228,3,80,2,130,0,3_80_2_130,train
229,3,80,2,130,0,3_80_2_130,train
230,3,80,2,130,0,3_80_2_130,train
231,3,80,2,130,0,3_80_2_130,train
232,3,90,2,130,0,3_90_2_130,train
233,3,90,2,130,0,3_90_2_130,train
234,3,90,2,130,0,3_90_2_130,train
235,3,90,2,130,0,3_90_2_130,train
236,3,90,2,130,0,3_90_2_130,train
237,3,90,2,130,0,3_90_2_130,train
238,3,90,2,130,0,3_90_2_130,train
239,3,90,2,130,0,3_90_2_130,train
240,3,90,2,130,0,3_90_2_130,train
241,3,90,2,130,0,3_90_2_130,train
242,3,100,2,130,0,3_100_2_130,test
243,3,100,2,130,0,3_100_2_130,test
244,3,100,2,130,0,3_100_2_130,test
245,3,100,2,130,0,3_100_2_130,test
246,3,100,2,130,0,3_100_2_130,test
247,3,100,2,130,0,3_100_2_130,test
248,3,100,2,130,0,3_100_2_130,test
249,3,100,2,130,0,3_100_2_130,test
250,3,100,2,130,0,3_100_2_130,test
251,3,100,2,130,0,3_100_2_130,test
252,3,100,1,130,1,3_100_1_130,train
253,3,73,1,130,0,3_73_1_130,test
254,3,73,1,130,0,3_73_1_130,test
255,3,73,1,130,0,3_73_1_130,test
256,3,73,1,130,0,3_73_1_130,test
257,3,73,1,130,0,3_73_1_130,test
258,3,73,1,130,0,3_73_1_130,test
259,3,73,1,130,0,3_73_1_130,test
260,3,73,1,130,0,3_73_1_130,test
261,3,73,1,130,0,3_73_1_130,test
262,3,73,1,130,0,3_73_1_130,test
263,3,80,1,130,0,3_80_1_130,train
264,3,80,1,130,0,3_80_1_130,train
265,3,80,1,130,0,3_80_1_130,train
266,3,80,1,130,0,3_80_1_130,train
267,3,80,1,130,0,3_80_1_130,train
268,3,80,1,130,0,3_80_1_130,train
269,3,80,1,130,0,3_80_1_130,train
270,3,80,1,130,0,3_80_1_130,train
271,3,80,1,130,0,3_80_1_130,train
272,3,80,1,130,0,3_80_1_130,train
273,3,90,1,130,0,3_90_1_130,train
274,3,90,1,130,0,3_90_1_130,train
275,3,90,1,130,0,3_90_1_130,train
276,3,90,1,130,0,3_90_1_130,train
277,3,90,1,130,0,3_90_1_130,train
278,3,90,1,130,0,3_90_1_130,train
279,3,90,1,130,0,3_90_1_130,train
280,3,90,1,130,0,3_90_1_130,train
281,3,90,1,130,0,3_90_1_130,train
282,3,90,1,130,0,3_90_1_130,train
283,3,100,1,130,0,3_100_1_130,train
284,3,100,1,130,0,3_100_1_130,train
285,3,100,1,130,0,3_100_1_130,train
286,3,100,1,130,0,3_100_1_130,train
287,3,100,1,130,0,3_100_1_130,train
288,3,100,1,130,0,3_100_1_130,train
289,3,100,1,130,0,3_100_1_130,train
290,3,100,1,130,0,3_100_1_130,train
291,3,100,1,130,0,3_100_1_130,train
292,3,100,1,130,0,3_100_1_130,train
293,3,100,0,130,1,3_100_0_130,train
294,3,73,0,130,0,3_73_0_130,train
295,3,73,0,130,0,3_73_0_130,train
296,3,73,0,130,0,3_73_0_130,train
297,3,73,0,130,0,3_73_0_130,train
298,3,73,0,130,0,3_73_0_130,train
299,3,73,0,130,0,3_73_0_130,train
300,3,73,0,130,0,3_73_0_130,train
301,3,73,0,130,0,3_73_0_130,train
302,3,73,0,130,0,3_73_0_130,train
303,3,73,0,130,0,3_73_0_130,train
304,3,80,0,130,0,3_80_0_130,test
305,3,80,0,130,0,3_80_0_130,test
306,3,80,0,130,0,3_80_0_130,test
307,3,80,0,130,0,3_80_0_130,test
308,3,80,0,130,0,3_80_0_130,test
309,3,80,0,130,0,3_80_0_130,test
310,3,80,0,130,0,3_80_0_130,test
311,3,80,0,130,0,3_80_0_130,test
312,3,80,0,130,0,3_80_0_130,test
313,3,80,0,130,0,3_80_0_130,test
314,3,90,0,130,0,3_90_0_130,train
315,3,90,0,130,0,3_90_0_130,train
316,3,90,0,130,0,3_90_0_130,train
317,3,90,0,130,0,3_90_0_130,train
318,3,90,0,130,0,3_90_0_130,train
319,3,90,0,130,0,3_90_0_130,train
320,3,90,0,130,0,3_90_0_130,train
321,3,90,0,130,0,3_90_0_130,train
322,3,90,0,130,0,3_90_0_130,train
323,3,90,0,130,0,3_90_0_130,train
324,3,100,0,130,0,3_100_0_130,train
325,3,100,0,130,0,3_100_0_130,train
326,3,100,0,130,0,3_100_0_130,train
327,3,100,0,130,0,3_100_0_130,train
328,3,100,0,130,0,3_100_0_130,train
329,3,100,0,130,0,3_100_0_130,train
330,3,100,0,130,0,3_100_0_130,train
331,3,100,0,130,0,3_100_0_130,train
332,3,100,0,130,0,3_100_0_130,train
333,3,100,0,130,0,3_100_0_130,train
334,3,100,0,115,1,3_100_0_115,train
335,3,100,0,115,1,3_100_0_115,train
336,3,100,0,115,1,3_100_0_115,train
337,3,100,0,115,1,3_100_0_115,train
338,3,100,0,115,1,3_100_0_115,train
339,3,100,0,115,1,3_100_0_115,train
340,3,100,0,115,1,3_100_0_115,train
341,3,100,0,115,1,3_100_0_115,train
342,3,100,0,115,1,3_100_0_115,train
343,3,100,0,115,1,3_100_0_115,train
344,3,100,2,115,1,3_100_2_115,train
345,3,73,2,115,0,3_73_2_115,test
346,3,73,2,115,0,3_73_2_115,test
347,3,73,2,115,0,3_73_2_115,test
348,3,73,2,115,0,3_73_2_115,test
349,3,73,2,115,0,3_73_2_115,test
350,3,73,2,115,0,3_73_2_115,test
351,3,73,2,115,0,3_73_2_115,test
352,3,73,2,115,0,3_73_2_115,test
353,3,73,2,115,0,3_73_2_115,test
354,3,73,2,115,0,3_73_2_115,test
355,3,80,2,115,0,3_80_2_115,train
356,3,80,2,115,0,3_80_2_115,train
357,3,80,2,115,0,3_80_2_115,train
358,3,80,2,115,0,3_80_2_115,train
359,3,80,2,115,0,3_80_2_115,train
360,3,80,2,115,0,3_80_2_115,train
361,3,80,2,115,0,3_80_2_115,train
362,3,80,2,115,0,3_80_2_115,train
363,3,80,2,115,0,3_80_2_115,train
364,3,80,2,115,0,3_80_2_115,train
365,3,90,2,115,0,3_90_2_115,train
366,3,90,2,115,0,3_90_2_115,train
367,3,90,2,115,0,3_90_2_115,train
368,3,90,2,115,0,3_90_2_115,train
369,3,90,2,115,0,3_90_2_115,train
370,3,90,2,115,0,3_90_2_115,train
371,3,90,2,115,0,3_90_2_115,train
372,3,90,2,115,0,3_90_2_115,train
373,3,90,2,115,0,3_90_2_115,train
374,3,90,2,115,0,3_90_2_115,train
375,3,100,2,115,0,3_100_2_115,train
376,3,100,2,115,0,3_100_2_115,train
377,3,100,2,115,0,3_100_2_115,train
378,3,100,2,115,0,3_100_2_115,train
379,3,100,2,115,0,3_100_2_115,train
380,3,100,2,115,0,3_100_2_115,train
381,3,100,2,115,0,3_100_2_115,train
382,3,100,2,115,0,3_100_2_115,train
383,3,100,2,115,0,3_100_2_115,train
384,3,100,2,115,0,3_100_2_115,train
385,3,100,1,115,1,3_100_1_115,train
386,3,73,1,115,0,3_73_1_115,train
387,3,73,1,115,0,3_73_1_115,train
388,3,73,1,115,0,3_73_1_115,train
389,3,73,1,115,0,3_73_1_115,train
390,3,73,1,115,0,3_73_1_115,train
391,3,73,1,115,0,3_73_1_115,train
392,3,73,1,115,0,3_73_1_115,train
393,3,73,1,115,0,3_73_1_115,train
394,3,73,1,115,0,3_73_1_115,train
395,3,73,1,115,0,3_73_1_115,train
396,3,80,1,115,0,3_80_1_115,test
397,3,80,1,115,0,3_80_1_115,test
398,3,80,1,115,0,3_80_1_115,test
399,3,80,1,115,0,3_80_1_115,test
400,3,80,1,115,0,3_80_1_115,test
401,3,80,1,115,0,3_80_1_115,test
402,3,80,1,115,0,3_80_1_115,test
403,3,80,1,115,0,3_80_1_115,test
404,3,80,1,115,0,3_80_1_115,test
405,3,80,1,115,0,3_80_1_115,test
406,3,90,1,115,0,3_90_1_115,train
407,3,90,1,115,0,3_90_1_115,train
408,3,90,1,115,0,3_90_1_115,train
409,3,90,1,115,0,3_90_1_115,train
410,3,90,1,115,0,3_90_1_115,train
411,3,90,1,115,0,3_90_1_115,train
412,3,90,1,115,0,3_90_1_115,train
413,3,90,1,115,0,3_90_1_115,train
414,3,90,1,115,0,3_90_1_115,train
415,3,90,1,115,0,3_90_1_115,train
416,3,100,1,115,0,3_100_1_115,train
417,3,100,1,115,0,3_100_1_115,train
418,3,100,1,115,0,3_100_1_115,train
419,3,100,1,115,0,3_100_1_115,train
420,3,100,1,115,0,3_100_1_115,train
421,3,100,1,115,0,3_100_1_115,train
422,3,100,1,115,0,3_100_1_115,train
423,3,100,1,115,0,3_100_1_115,train
424,3,100,1,115,0,3_100_1_115,train
425,3,100,1,115,0,3_100_1_115,train
426,3,100,0,115,1,3_100_0_115,train
427,3,73,0,115,0,3_73_0_115,train
428,3,73,0,115,0,3_73_0_115,train
429,3,73,0,115,0,3_73_0_115,train
430,3,73,0,115,0,3_73_0_115,train
431,3,73,0,115,0,3_73_0_115,train
432,3,73,0,115,0,3_73_0_115,train
433,3,73,0,115,0,3_73_0_115,train
434,3,73,0,115,0,3_73_0_115,train
435,3,73,0,115,0,3_73_0_115,train
436,3,73,0,115,0,3_73_0_115,train
437,3,80,0,115,0,3_80_0_115,train
438,3,80,0,115,0,3_80_0_115,train
439,3,80,0,115,0,3_80_0_115,train
440,3,80,0,115,0,3_80_0_115,train
441,3,80,0,115,0,3_80_0_115,train
442,3,80,0,115,0,3_80_0_115,train
443,3,80,0,115,0,3_80_0_115,train
444,3,80,0,115,0,3_80_0_115,train
445,3,80,0,115,0,3_80_0_115,train
446,3,80,0,115,0,3_80_0_115,train
447,3,90,0,115,0,3_90_0_115,test
448,3,90,0,115,0,3_90_0_115,test
449,3,90,0,115,0,3_90_0_115,test
450,3,90,0,115,0,3_90_0_115,test
451,3,90,0,115,0,3_90_0_115,test
452,3,90,0,115,0,3_90_0_115,test
453,3,90,0,115,0,3_90_0_115,test
454,3,90,0,115,0,3_90_0_115,test
455,3,90,0,115,0,3_90_0_115,test
456,3,90,0,115,0,3_90_0_115,test
457,3,100,0,115,0,3_100_0_115,train
458,3,100,0,115,0,3_100_0_115,train
459,3,100,0,115,0,3_100_0_115,train
460,3,100,0,115,0,3_100_0_115,train
461,3,100,0,115,0,3_100_0_115,train
462,3,100,0,115,0,3_100_0_115,train
463,3,100,0,115,0,3_100_0_115,train
464,3,100,0,115,0,3_100_0_115,train
465,3,100,0,115,0,3_100_0_115,train
466,3,100,0,115,0,3_100_0_115,train
467,3,100,0,100,1,3_100_0_100,train
468,3,100,0,100,1,3_100_0_100,train
469,3,100,0,100,1,3_100_0_100,train
470,3,100,0,100,1,3_100_0_100,train
471,3,100,0,100,1,3_100_0_100,train
472,3,100,0,100,1,3_100_0_100,train
473,3,100,0,100,1,3_100_0_100,train
474,3,100,0,100,1,3_100_0_100,train
475,3,100,0,100,1,3_100_0_100,train
476,3,100,0,100,1,3_100_0_100,train
477,3,100,2,100,1,3_100_2_100,train
478,3,73,2,100,0,3_73_2_100,train
479,3,73,2,100,0,3_73_2_100,train
480,3,73,2,100,0,3_73_2_100,train
481,3,73,2,100,0,3_73_2_100,train
482,3,73,2,100,0,3_73_2_100,train
483,3,73,2,100,0,3_73_2_100,train
484,3,73,2,100,0,3_73_2_100,train
485,3,73,2,100,0,3_73_2_100,train
486,3,73,2,100,0,3_73_2_100,train
487,3,73,2,100,0,3_73_2_100,train
488,3,80,2,100,0,3_80_2_100,test
489,3,80,2,100,0,3_80_2_100,test
490,3,80,2,100,0,3_80_2_100,test
491,3,80,2,100,0,3_80_2_100,test
492,3,80,2,100,0,3_80_2_100,test
493,3,80,2,100,0,3_80_2_100,test
494,3,80,2,100,0,3_80_2_100,test
495,3,80,2,100,0,3_80_2_100,test
496,3,80,2,100,0,3_80_2_100,test
497,3,80,2,100,0,3_80_2_100,test
498,3,90,2,100,0,3_90_2_100,train
499,3,90,2,100,0,3_90_2_100,train
500,3,90,2,100,0,3_90_2_100,train
501,3,90,2,100,0,3_90_2_100,train
502,3,90,2,100,0,3_90_2_100,train
503,3,90,2,100,0,3_90_2_100,train
504,3,90,2,100,0,3_90_2_100,train
505,3,90,2,100,0,3_90_2_100,train
506,3,90,2,100,0,3_90_2_100,train
507,3,90,2,100,0,3_90_2_100,train
508,3,100,2,100,0,3_100_2_100,train
509,3,100,2,100,0,3_100_2_100,train
510,3,100,2,100,0,3_100_2_100,train
511,3,100,2,100,0,3_100_2_100,train
512,3,100,2,100,0,3_100_2_100,train
513,3,100,2,100,0,3_100_2_100,train
514,3,100,2,100,0,3_100_2_100,train
515,3,100,2,100,0,3_100_2_100,train
516,3,100,2,100,0,3_100_2_100,train
517,3,100,2,100,0,3_100_2_100,train
518,3,100,1,100,1,3_100_1_100,train
519,3,73,1,100,0,3_73_1_100,train
520,3,73,1,100,0,3_73_1_100,train
521,3,73,1,100,0,3_73_1_100,train
522,3,73,1,100,0,3_73_1_100,train
523,3,73,1,100,0,3_73_1_100,train
524,3,73,1,100,0,3_73_1_100,train
525,3,73,1,100,0,3_73_1_100,train
526,3,73,1,100,0,3_73_1_100,train
527,3,73,1,100,0,3_73_1_100,train
528,3,73,1,100,0,3_73_1_100,train
529,3,80,1,100,0,3_80_1_100,train
530,3,80,1,100,0,3_80_1_100,train
531,3,80,1,100,0,3_80_1_100,train
532,3,80,1,100,0,3_80_1_100,train
533,3,80,1,100,0,3_80_1_100,train
534,3,80,1,100,0,3_80_1_100,train
535,3,80,1,100,0,3_80_1_100,train
536,3,80,1,100,0,3_80_1_100,train
537,3,80,1,100,0,3_80_1_100,train
538,3,80,1,100,0,3_80_1_100,train
539,3,90,1,100,0,3_90_1_100,test
540,3,90,1,100,0,3_90_1_100,test
541,3,90,1,100,0,3_90_1_100,test
542,3,90,1,100,0,3_90_1_100,test
543,3,90,1,100,0,3_90_1_100,test
544,3,90,1,100,0,3_90_1_100,test
545,3,90,1,100,0,3_90_1_100,test
546,3,90,1,100,0,3_90_1_100,test
547,3,90,1,100,0,3_90_1_100,test
548,3,90,1,100,0,3_90_1_100,test
549,3,100,1,100,0,3_100_1_100,train
550,3,100,1,100,0,3_100_1_100,train
551,3,100,1,100,0,3_100_1_100,train
552,3,100,1,100,0,3_100_1_100,train
553,3,100,1,100,0,3_100_1_100,train
554,3,100,1,100,0,3_100_1_100,train
555,3,100,1,100,0,3_100_1_100,train
556,3,100,1,100,0,3_100_1_100,train
557,3,100,1,100,0,3_100_1_100,train
558,3,100,1,100,0,3_100_1_100,train
559,3,100,0,100,1,3_100_0_100,train
560,3,73,0,100,0,3_73_0_100,train
561,3,73,0,100,0,3_73_0_100,train
562,3,73,0,100,0,3_73_0_100,train
563,3,73,0,100,0,3_73_0_100,train
564,3,73,0,100,0,3_73_0_100,train
565,3,73,0,100,0,3_73_0_100,train
566,3,73,0,100,0,3_73_0_100,train
567,3,73,0,100,0,3_73_0_100,train
568,3,73,0,100,0,3_73_0_100,train
569,3,73,0,100,0,3_73_0_100,train
570,3,80,0,100,0,3_80_0_100,train
571,3,80,0,100,0,3_80_0_100,train
572,3,80,0,100,0,3_80_0_100,train
573,3,80,0,100,0,3_80_0_100,train
574,3,80,0,100,0,3_80_0_100,train
575,3,80,0,100,0,3_80_0_100,train
576,3,80,0,100,0,3_80_0_100,train
577,3,80,0,100,0,3_80_0_100,train
578,3,80,0,100,0,3_80_0_100,train
579,3,80,0,100,0,3_80_0_100,train
580,3,90,0,100,0,3_90_0_100,train
581,3,90,0,100,0,3_90_0_100,train
582,3,90,0,100,0,3_90_0_100,train
583,3,90,0,100,0,3_90_0_100,train
584,3,90,0,100,0,3_90_0_100,train
585,3,90,0,100,0,3_90_0_100,train
586,3,90,0,100,0,3_90_0_100,train
587,3,90,0,100,0,3_90_0_100,train
588,3,90,0,100,0,3_90_0_100,train
589,3,90,0,100,0,3_90_0_100,train
590,3,100,0,100,0,3_100_0_100,train
591,3,100,0,100,0,3_100_0_100,train
592,3,100,0,100,0,3_100_0_100,train
593,3,100,0,100,0,3_100_0_100,train
594,3,100,0,100,0,3_100_0_100,train
595,3,100,0,100,0,3_100_0_100,train
596,3,100,0,100,0,3_100_0_100,train
597,3,100,0,100,0,3_100_0_100,train
598,3,100,0,100,0,3_100_0_100,train
599,3,100,0,100,0,3_100_0_100,train
600,3,100,0,90,1,3_100_0_90,train
601,3,100,0,90,1,3_100_0_90,train
602,3,100,0,90,1,3_100_0_90,train
603,3,100,0,90,1,3_100_0_90,train
604,3,100,0,90,1,3_100_0_90,train
605,3,100,0,90,1,3_100_0_90,train
606,3,100,0,90,1,3_100_0_90,train
607,3,100,0,90,1,3_100_0_90,train
608,3,100,0,90,1,3_100_0_90,train
609,3,100,0,90,1,3_100_0_90,train
610,3,100,2,90,1,3_100_2_90,train
611,3,73,2,90,0,3_73_2_90,train
612,3,73,2,90,0,3_73_2_90,train
613,3,73,2,90,0,3_73_2_90,train
614,3,73,2,90,0,3_73_2_90,train
615,3,73,2,90,0,3_73_2_90,train
616,3,73,2,90,0,3_73_2_90,train
617,3,73,2,90,0,3_73_2_90,train
618,3,73,2,90,0,3_73_2_90,train
619,3,73,2,90,0,3_73_2_90,train
620,3,73,2,90,0,3_73_2_90,train
621,3,80,2,90,0,3_80_2_90,train
622,3,80,2,90,0,3_80_2_90,train
623,3,80,2,90,0,3_80_2_90,train
624,3,80,2,90,0,3_80_2_90,train
625,3,80,2,90,0,3_80_2_90,train
626,3,80,2,90,0,3_80_2_90,train
627,3,80,2,90,0,3_80_2_90,train
628,3,80,2,90,0,3_80_2_90,train
629,3,80,2,90,0,3_80_2_90,train
630,3,80,2,90,0,3_80_2_90,train
631,3,90,2,90,0,3_90_2_90,test
632,3,90,2,90,0,3_90_2_90,test
633,3,90,2,90,0,3_90_2_90,test
634,3,90,2,90,0,3_90_2_90,test
635,3,90,2,90,0,3_90_2_90,test
636,3,90,2,90,0,3_90_2_90,test
637,3,90,2,90,0,3_90_2_90,test
638,3,90,2,90,0,3_90_2_90,test
639,3,90,2,90,0,3_90_2_90,test
640,3,90,2,90,0,3_90_2_90,test
641,3,100,2,90,0,3_100_2_90,train
642,3,100,2,90,0,3_100_2_90,train
643,3,100,2,90,0,3_100_2_90,train
644,3,100,2,90,0,3_100_2_90,train
645,3,100,2,90,0,3_100_2_90,train
646,3,100,2,90,0,3_100_2_90,train
647,3,100,2,90,0,3_100_2_90,train
648,3,100,2,90,0,3_100_2_90,train
649,3,100,2,90,0,3_100_2_90,train
650,3,100,2,90,0,3_100_2_90,train
651,3,100,1,90,1,3_100_1_90,test
652,3,73,1,90,0,3_73_1_90,train
653,3,73,1,90,0,3_73_1_90,train
654,3,73,1,90,0,3_73_1_90,train
655,3,73,1,90,0,3_73_1_90,train
656,3,73,1,90,0,3_73_1_90,train
657,3,73,1,90,0,3_73_1_90,train
658,3,73,1,90,0,3_73_1_90,train
659,3,73,1,90,0,3_73_1_90,train
660,3,73,1,90,0,3_73_1_90,train
661,3,73,1,90,0,3_73_1_90,train
662,3,80,1,90,0,3_80_1_90,train
663,3,80,1,90,0,3_80_1_90,train
664,3,80,1,90,0,3_80_1_90,train
665,3,80,1,90,0,3_80_1_90,train
666,3,80,1,90,0,3_80_1_90,train
667,3,80,1,90,0,3_80_1_90,train
668,3,80,1,90,0,3_80_1_90,train
669,3,80,1,90,0,3_80_1_90,train
670,3,80,1,90,0,3_80_1_90,train
671,3,80,1,90,0,3_80_1_90,train
672,3,90,1,90,0,3_90_1_90,train
673,3,90,1,90,0,3_90_1_90,train
674,3,90,1,90,0,3_90_1_90,train
675,3,90,1,90,0,3_90_1_90,train
676,3,90,1,90,0,3_90_1_90,train
677,3,90,1,90,0,3_90_1_90,train
678,3,90,1,90,0,3_90_1_90,train
679,3,90,1,90,0,3_90_1_90,train
680,3,90,1,90,0,3_90_1_90,train
681,3,90,1,90,0,3_90_1_90,train
682,3,100,1,90,0,3_100_1_90,test
683,3,100,1,90,0,3_100_1_90,test
684,3,100,1,90,0,3_100_1_90,test
685,3,100,1,90,0,3_100_1_90,test
686,3,100,1,90,0,3_100_1_90,test
687,3,100,1,90,0,3_100_1_90,test
688,3,100,1,90,0,3_100_1_90,test
689,3,100,1,90,0,3_100_1_90,test
690,3,100,1,90,0,3_100_1_90,test
691,3,100,1,90,0,3_100_1_90,test
692,3,100,0,90,1,3_100_0_90,train
693,3,73,0,90,0,3_73_0_90,test
694,3,73,0,90,0,3_73_0_90,test
695,3,73,0,90,0,3_73_0_90,test
696,3,73,0,90,0,3_73_0_90,test
697,3,73,0,90,0,3_73_0_90,test
698,3,73,0,90,0,3_73_0_90,test
699,3,73,0,90,0,3_73_0_90,test
700,3,73,0,90,0,3_73_0_90,test
701,3,73,0,90,0,3_73_0_90,test
702,3,73,0,90,0,3_73_0_90,test
703,3,80,0,90,0,3_80_0_90,train
704,3,80,0,90,0,3_80_0_90,train
705,3,80,0,90,0,3_80_0_90,train
706,3,80,0,90,0,3_80_0_90,train
707,3,80,0,90,0,3_80_0_90,train
708,3,80,0,90,0,3_80_0_90,train
709,3,80,0,90,0,3_80_0_90,train
710,3,80,0,90,0,3_80_0_90,train
711,3,80,0,90,0,3_80_0_90,train
712,3,80,0,90,0,3_80_0_90,train
713,3,90,0,90,0,3_90_0_90,train
714,3,90,0,90,0,3_90_0_90,train
715,3,90,0,90,0,3_90_0_90,train
716,3,90,0,90,0,3_90_0_90,train
717,3,90,0,90,0,3_90_0_90,train
718,3,90,0,90,0,3_90_0_90,train
719,3,90,0,90,0,3_90_0_90,train
720,3,90,0,90,0,3_90_0_90,train
721,3,90,0,90,0,3_90_0_90,train
722,3,90,0,90,0,3_90_0_90,train
723,3,100,0,90,0,3_100_0_90,train
724,3,100,0,90,0,3_100_0_90,train
725,3,100,0,90,0,3_100_0_90,train
726,3,100,0,90,0,3_100_0_90,train
727,3,100,0,90,0,3_100_0_90,train
728,3,100,0,90,0,3_100_0_90,train
729,3,100,0,90,0,3_100_0_90,train
730,3,100,0,90,0,3_100_0_90,train
731,3,100,0,90,0,3_100_0_90,train
732,3,100,0,90,0,3_100_0_90,train
733,20,100,0,90,1,20_100_0_90,train
734,20,100,0,90,1,20_100_0_90,train
735,20,100,0,90,1,20_100_0_90,train
736,20,100,0,90,1,20_100_0_90,train
737,20,100,0,90,1,20_100_0_90,train
738,20,100,0,90,1,20_100_0_90,train
739,20,100,0,90,1,20_100_0_90,train
740,20,100,0,90,1,20_100_0_90,train
741,20,100,0,90,1,20_100_0_90,train
742,20,100,0,90,1,20_100_0_90,train
743,20,100,0,90,1,20_100_0_90,train
744,20,100,0,90,1,20_100_0_90,train
745,20,100,0,90,1,20_100_0_90,train
746,20,100,0,90,1,20_100_0_90,train
747,20,100,0,90,1,20_100_0_90,train
748,20,100,0,90,1,20_100_0_90,train
749,20,100,0,90,1,20_100_0_90,train
750,20,100,0,90,1,20_100_0_90,train
751,20,100,0,90,1,20_100_0_90,train
752,20,100,0,90,1,20_100_0_90,train
753,20,100,0,90,1,20_100_0_90,train
754,20,100,0,90,1,20_100_0_90,train
755,20,100,0,90,1,20_100_0_90,train
756,20,100,0,90,1,20_100_0_90,train
757,20,100,0,90,1,20_100_0_90,train
758,20,100,0,90,1,20_100_0_90,train
759,20,100,0,90,1,20_100_0_90,train
760,20,100,0,90,1,20_100_0_90,train
761,20,100,0,90,1,20_100_0_90,train
762,20,100,0,90,1,20_100_0_90,train
763,20,100,0,90,1,20_100_0_90,train
764,20,100,0,90,1,20_100_0_90,train
765,20,100,0,90,1,20_100_0_90,train
766,20,100,0,90,1,20_100_0_90,train
767,20,100,0,90,1,20_100_0_90,train
768,20,100,0,90,1,20_100_0_90,train
769,20,100,0,90,1,20_100_0_90,train
770,20,100,0,90,1,20_100_0_90,train
771,20,100,0,90,1,20_100_0_90,train
772,20,100,0,90,1,20_100_0_90,train
773,20,100,0,90,1,20_100_0_90,train
774,20,100,0,90,1,20_100_0_90,train
775,20,100,0,90,1,20_100_0_90,train
776,20,100,0,90,1,20_100_0_90,train
777,20,100,0,90,1,20_100_0_90,train
778,20,100,0,90,1,20_100_0_90,train
779,20,100,0,90,1,20_100_0_90,train
780,20,100,0,90,1,20_100_0_90,train
781,20,100,0,90,1,20_100_0_90,train
782,20,100,0,90,1,20_100_0_90,train
783,20,100,0,90,1,20_100_0_90,train
784,20,100,0,90,1,20_100_0_90,train
785,20,100,0,90,1,20_100_0_90,train
786,20,100,0,90,1,20_100_0_90,train
787,20,100,0,90,1,20_100_0_90,train
788,20,100,0,90,1,20_100_0_90,train
789,20,100,0,90,1,20_100_0_90,train
790,20,100,0,90,1,20_100_0_90,train
791,20,100,0,90,1,20_100_0_90,train
792,20,100,0,90,1,20_100_0_90,train
793,20,100,0,90,1,20_100_0_90,train
794,20,100,0,90,1,20_100_0_90,train
795,20,100,0,90,1,20_100_0_90,train
796,20,100,0,90,1,20_100_0_90,train
797,20,100,0,90,1,20_100_0_90,train
798,20,100,0,90,1,20_100_0_90,train
799,20,100,0,90,1,20_100_0_90,train
800,20,100,0,90,1,20_100_0_90,train
801,20,100,0,90,1,20_100_0_90,train
802,20,100,0,90,1,20_100_0_90,train
803,20,100,0,90,1,20_100_0_90,train
804,20,100,0,90,1,20_100_0_90,train
805,20,100,0,90,1,20_100_0_90,train
806,20,100,0,90,1,20_100_0_90,train
807,20,100,0,90,1,20_100_0_90,train
808,20,100,0,90,1,20_100_0_90,train
809,20,100,0,90,1,20_100_0_90,train
810,20,100,0,90,1,20_100_0_90,train
811,20,100,0,90,1,20_100_0_90,train
812,20,100,0,90,1,20_100_0_90,train
813,20,100,0,90,1,20_100_0_90,train
814,20,100,0,90,1,20_100_0_90,train
815,20,100,0,90,1,20_100_0_90,train
816,20,100,0,90,1,20_100_0_90,train
817,20,100,0,90,1,20_100_0_90,train
818,20,100,0,90,1,20_100_0_90,train
819,20,100,0,90,1,20_100_0_90,train
820,20,100,0,90,1,20_100_0_90,train
821,20,100,0,90,1,20_100_0_90,train
822,20,100,0,90,1,20_100_0_90,train
823,20,100,0,90,1,20_100_0_90,train
824,20,100,0,90,1,20_100_0_90,train
825,20,100,0,90,1,20_100_0_90,train
826,20,100,0,90,1,20_100_0_90,train
827,20,100,0,90,1,20_100_0_90,train
828,20,100,0,90,1,20_100_0_90,train
829,20,100,0,90,1,20_100_0_90,train
830,20,100,0,90,1,20_100_0_90,train
831,20,100,0,90,1,20_100_0_90,train
832,20,100,0,90,1,20_100_0_90,train
833,20,100,0,90,1,20_100_0_90,train
834,20,100,0,90,1,20_100_0_90,train
835,20,100,0,90,1,20_100_0_90,train
836,20,100,0,90,1,20_100_0_90,train
837,20,100,0,90,1,20_100_0_90,train
838,20,100,0,90,1,20_100_0_90,train
839,20,100,0,90,1,20_100_0_90,train
840,20,100,0,90,1,20_100_0_90,train
841,20,100,0,90,1,20_100_0_90,train
842,20,100,0,90,1,20_100_0_90,train
843,20,100,0,90,1,20_100_0_90,train
844,20,100,0,90,1,20_100_0_90,train
845,20,100,0,90,1,20_100_0_90,train
846,20,100,0,90,1,20_100_0_90,train
847,20,100,0,90,1,20_100_0_90,train
848,20,100,0,90,1,20_100_0_90,train
849,20,100,0,90,1,20_100_0_90,train
850,20,100,0,90,1,20_100_0_90,train
851,20,100,0,90,1,20_100_0_90,train
852,20,100,0,90,1,20_100_0_90,train
853,20,100,0,90,1,20_100_0_90,train
854,20,100,0,90,1,20_100_0_90,train
855,20,100,0,90,1,20_100_0_90,train
856,20,100,0,90,1,20_100_0_90,train
857,20,100,0,90,1,20_100_0_90,train
858,20,100,0,90,1,20_100_0_90,train
859,20,100,0,90,1,20_100_0_90,train
860,20,100,0,90,1,20_100_0_90,train
861,20,100,0,90,1,20_100_0_90,train
862,20,100,0,90,1,20_100_0_90,train
863,20,100,0,90,1,20_100_0_90,train
864,20,100,0,90,1,20_100_0_90,train
865,20,100,0,90,1,20_100_0_90,train
866,20,100,0,90,1,20_100_0_90,train
867,20,100,0,90,1,20_100_0_90,train
868,20,100,0,90,1,20_100_0_90,train
869,20,100,0,90,1,20_100_0_90,train
870,20,100,0,90,1,20_100_0_90,train
871,20,100,0,90,1,20_100_0_90,train
872,20,100,0,90,1,20_100_0_90,train
873,20,100,0,90,1,20_100_0_90,train
874,20,100,0,90,1,20_100_0_90,train
875,20,100,0,90,1,20_100_0_90,train
876,20,100,0,90,1,20_100_0_90,train
877,20,100,0,90,1,20_100_0_90,train
878,20,100,0,90,1,20_100_0_90,train
879,20,100,0,90,1,20_100_0_90,train
880,20,100,0,90,1,20_100_0_90,train
881,20,100,0,90,1,20_100_0_90,train
882,20,100,0,90,1,20_100_0_90,train
883,20,100,0,90,1,20_100_0_90,train
884,20,100,0,90,1,20_100_0_90,train
885,20,100,0,90,1,20_100_0_90,train
886,20,100,0,90,1,20_100_0_90,train
887,20,100,0,90,1,20_100_0_90,train
888,20,100,0,90,1,20_100_0_90,train
889,20,100,0,90,1,20_100_0_90,train
890,20,100,0,90,1,20_100_0_90,train
891,20,100,0,90,1,20_100_0_90,train
892,20,100,0,90,1,20_100_0_90,train
893,20,100,0,90,1,20_100_0_90,train
894,20,100,0,90,1,20_100_0_90,train
895,20,100,0,90,1,20_100_0_90,train
896,20,100,0,90,1,20_100_0_90,train
897,20,100,0,90,1,20_100_0_90,train
898,20,100,0,90,1,20_100_0_90,train
899,20,100,0,90,1,20_100_0_90,train
900,20,100,0,90,1,20_100_0_90,train
901,20,100,0,90,1,20_100_0_90,train
902,20,100,0,90,1,20_100_0_90,train
903,20,100,0,90,1,20_100_0_90,train
904,20,100,0,90,1,20_100_0_90,train
905,20,100,0,90,1,20_100_0_90,train
906,20,100,0,90,1,20_100_0_90,train
907,20,100,0,90,1,20_100_0_90,train
908,20,100,0,90,1,20_100_0_90,train
909,20,100,0,90,1,20_100_0_90,train
910,20,100,0,90,1,20_100_0_90,train
911,20,100,0,90,1,20_100_0_90,train
912,20,100,0,90,1,20_100_0_90,train
913,20,100,0,90,1,20_100_0_90,train
914,20,100,0,90,1,20_100_0_90,train
915,20,100,0,90,1,20_100_0_90,train
916,20,100,0,90,1,20_100_0_90,train
917,20,100,0,90,1,20_100_0_90,train
918,20,100,0,90,1,20_100_0_90,train
919,20,100,0,90,1,20_100_0_90,train
920,20,100,0,90,1,20_100_0_90,train
921,20,100,0,90,1,20_100_0_90,train
922,20,100,0,90,1,20_100_0_90,train
923,20,100,0,90,1,20_100_0_90,train
924,20,100,0,90,1,20_100_0_90,train
925,20,100,0,90,1,20_100_0_90,train
926,20,100,0,90,1,20_100_0_90,train
927,20,100,0,90,1,20_100_0_90,train
928,20,100,0,90,1,20_100_0_90,train
929,20,100,0,90,1,20_100_0_90,train
930,20,100,0,90,1,20_100_0_90,train
931,20,100,0,90,1,20_100_0_90,train
932,20,100,0,90,1,20_100_0_90,train
933,20,100,0,130,1,20_100_0_130,train
934,20,100,0,130,1,20_100_0_130,train
935,20,100,0,130,1,20_100_0_130,train
936,20,100,0,130,1,20_100_0_130,train
937,20,100,0,130,1,20_100_0_130,train
938,20,100,0,130,1,20_100_0_130,train
939,20,100,0,130,1,20_100_0_130,train
940,20,100,0,130,1,20_100_0_130,train
941,20,100,0,130,1,20_100_0_130,train
942,20,100,0,130,1,20_100_0_130,train
943,20,100,2,130,1,20_100_2_130,train
944,20,73,2,130,0,20_73_2_130,train
945,20,73,2,130,0,20_73_2_130,train
946,20,73,2,130,0,20_73_2_130,train
947,20,73,2,130,0,20_73_2_130,train
948,20,73,2,130,0,20_73_2_130,train
949,20,73,2,130,0,20_73_2_130,train
950,20,73,2,130,0,20_73_2_130,train
951,20,73,2,130,0,20_73_2_130,train
952,20,73,2,130,0,20_73_2_130,train
953,20,73,2,130,0,20_73_2_130,train
954,20,80,2,130,0,20_80_2_130,train
955,20,80,2,130,0,20_80_2_130,train
956,20,80,2,130,0,20_80_2_130,train
957,20,80,2,130,0,20_80_2_130,train
958,20,80,2,130,0,20_80_2_130,train
959,20,80,2,130,0,20_80_2_130,train
960,20,80,2,130,0,20_80_2_130,train
961,20,80,2,130,0,20_80_2_130,train
962,20,80,2,130,0,20_80_2_130,train
963,20,80,2,130,0,20_80_2_130,train
964,20,90,2,130,0,20_90_2_130,test
965,20,90,2,130,0,20_90_2_130,test
966,20,90,2,130,0,20_90_2_130,test
967,20,90,2,130,0,20_90_2_130,test
968,20,90,2,130,0,20_90_2_130,test
969,20,90,2,130,0,20_90_2_130,test
970,20,90,2,130,0,20_90_2_130,test
971,20,90,2,130,0,20_90_2_130,test
972,20,90,2,130,0,20_90_2_130,test
973,20,90,2,130,0,20_90_2_130,test
974,20,100,2,130,0,20_100_2_130,train
975,20,100,2,130,0,20_100_2_130,train
976,20,100,2,130,0,20_100_2_130,train
977,20,100,2,130,0,20_100_2_130,train
978,20,100,2,130,0,20_100_2_130,train
979,20,100,2,130,0,20_100_2_130,train
980,20,100,2,130,0,20_100_2_130,train
981,20,100,2,130,0,20_100_2_130,train
982,20,100,2,130,0,20_100_2_130,train
983,20,100,2,130,0,20_100_2_130,train
984,20,100,1,130,1,20_100_1_130,test
985,20,73,1,130,0,20_73_1_130,train
986,20,73,1,130,0,20_73_1_130,train
987,20,73,1,130,0,20_73_1_130,train
988,20,73,1,130,0,20_73_1_130,train
989,20,73,1,130,0,20_73_1_130,train
990,20,73,1,130,0,20_73_1_130,train
991,20,73,1,130,0,20_73_1_130,train
992,20,73,1,130,0,20_73_1_130,train
993,20,73,1,130,0,20_73_1_130,train
994,20,73,1,130,0,20_73_1_130,train
995,20,80,1,130,0,20_80_1_130,train
996,20,80,1,130,0,20_80_1_130,train
997,20,80,1,130,0,20_80_1_130,train
998,20,80,1,130,0,20_80_1_130,train
999,20,80,1,130,0,20_80_1_130,train
1000,20,80,1,130,0,20_80_1_130,train
1001,20,80,1,130,0,20_80_1_130,train
1002,20,80,1,130,0,20_80_1_130,train
1003,20,80,1,130,0,20_80_1_130,train
1004,20,80,1,130,0,20_80_1_130,train
1005,20,90,1,130,0,20_90_1_130,train
1006,20,90,1,130,0,20_90_1_130,train
1007,20,90,1,130,0,20_90_1_130,train
1008,20,90,1,130,0,20_90_1_130,train
1009,20,90,1,130,0,20_90_1_130,train
1010,20,90,1,130,0,20_90_1_130,train
1011,20,90,1,130,0,20_90_1_130,train
1012,20,90,1,130,0,20_90_1_130,train
1013,20,90,1,130,0,20_90_1_130,train
1014,20,90,1,130,0,20_90_1_130,train
1015,20,100,1,130,0,20_100_1_130,test
1016,20,100,1,130,0,20_100_1_130,test
1017,20,100,1,130,0,20_100_1_130,test
1018,20,100,1,130,0,20_100_1_130,test
1019,20,100,1,130,0,20_100_1_130,test
1020,20,100,1,130,0,20_100_1_130,test
1021,20,100,1,130,0,20_100_1_130,test
1022,20,100,1,130,0,20_100_1_130,test
1023,20,100,1,130,0,20_100_1_130,test
1024,20,100,1,130,0,20_100_1_130,test
1025,20,100,0,130,1,20_100_0_130,train
1026,20,73,0,130,0,20_73_0_130,test
1027,20,73,0,130,0,20_73_0_130,test
1028,20,73,0,130,0,20_73_0_130,test
1029,20,73,0,130,0,20_73_0_130,test
1030,20,73,0,130,0,20_73_0_130,test
1031,20,73,0,130,0,20_73_0_130,test
1032,20,73,0,130,0,20_73_0_130,test
1033,20,73,0,130,0,20_73_0_130,test
1034,20,73,0,130,0,20_73_0_130,test
1035,20,73,0,130,0,20_73_0_130,test
1036,20,80,0,130,0,20_80_0_130,train
1037,20,80,0,130,0,20_80_0_130,train
1038,20,80,0,130,0,20_80_0_130,train
1039,20,80,0,130,0,20_80_0_130,train
1040,20,80,0,130,0,20_80_0_130,train
1041,20,80,0,130,0,20_80_0_130,train
1042,20,80,0,130,0,20_80_0_130,train
1043,20,80,0,130,0,20_80_0_130,train
1044,20,80,0,130,0,20_80_0_130,train
1045,20,80,0,130,0,20_80_0_130,train
1046,20,90,0,130,0,20_90_0_130,train
1047,20,90,0,130,0,20_90_0_130,train
1048,20,90,0,130,0,20_90_0_130,train
1049,20,90,0,130,0,20_90_0_130,train
1050,20,90,0,130,0,20_90_0_130,train
1051,20,90,0,130,0,20_90_0_130,train
1052,20,90,0,130,0,20_90_0_130,train
1053,20,90,0,130,0,20_90_0_130,train
1054,20,90,0,130,0,20_90_0_130,train
1055,20,90,0,130,0,20_90_0_130,train
1056,20,100,0,130,0,20_100_0_130,train
1057,20,100,0,130,0,20_100_0_130,train
1058,20,100,0,130,0,20_100_0_130,train
1059,20,100,0,130,0,20_100_0_130,train
1060,20,100,0,130,0,20_100_0_130,train
1061,20,100,0,130,0,20_100_0_130,train
1062,20,100,0,130,0,20_100_0_130,train
1063,20,100,0,130,0,20_100_0_130,train
1064,20,100,0,130,0,20_100_0_130,train
1065,20,100,0,130,0,20_100_0_130,train
1066,20,100,0,115,1,20_100_0_115,train
1067,20,100,0,115,1,20_100_0_115,train
1068,20,100,0,115,1,20_100_0_115,train
1069,20,100,0,115,1,20_100_0_115,train
1070,20,100,0,115,1,20_100_0_115,train
1071,20,100,0,115,1,20_100_0_115,train
1072,20,100,0,115,1,20_100_0_115,train
1073,20,100,0,115,1,20_100_0_115,train
1074,20,100,0,115,1,20_100_0_115,train
1075,20,100,0,115,1,20_100_0_115,train
1076,20,100,2,115,1,20_100_2_115,test
1077,20,73,2,115,0,20_73_2_115,train
1078,20,73,2,115,0,20_73_2_115,train
1079,20,73,2,115,0,20_73_2_115,train
1080,20,73,2,115,0,20_73_2_115,train
1081,20,73,2,115,0,20_73_2_115,train
1082,20,73,2,115,0,20_73_2_115,train
1083,20,73,2,115,0,20_73_2_115,train
1084,20,73,2,115,0,20_73_2_115,train
1085,20,73,2,115,0,20_73_2_115,train
1086,20,73,2,115,0,20_73_2_115,train
1087,20,80,2,115,0,20_80_2_115,train
1088,20,80,2,115,0,20_80_2_115,train
1089,20,80,2,115,0,20_80_2_115,train
1090,20,80,2,115,0,20_80_2_115,train
1091,20,80,2,115,0,20_80_2_115,train
1092,20,80,2,115,0,20_80_2_115,train
1093,20,80,2,115,0,20_80_2_115,train
1094,20,80,2,115,0,20_80_2_115,train
1095,20,80,2,115,0,20_80_2_115,train
1096,20,80,2,115,0,20_80_2_115,train
1097,20,90,2,115,0,20_90_2_115,train
1098,20,90,2,115,0,20_90_2_115,train
1099,20,90,2,115,0,20_90_2_115,train
1100,20,90,2,115,0,20_90_2_115,train
1101,20,90,2,115,0,20_90_2_115,train
1102,20,90,2,115,0,20_90_2_115,train
1103,20,90,2,115,0,20_90_2_115,train
1104,20,90,2,115,0,20_90_2_115,train
1105,20,90,2,115,0,20_90_2_115,train
1106,20,90,2,115,0,20_90_2_115,train
1107,20,100,2,115,0,20_100_2_115,test
1108,20,100,2,115,0,20_100_2_115,test
1109,20,100,2,115,0,20_100_2_115,test
1110,20,100,2,115,0,20_100_2_115,test
1111,20,100,2,115,0,20_100_2_115,test
1112,20,100,2,115,0,20_100_2_115,test
1113,20,100,2,115,0,20_100_2_115,test
1114,20,100,2,115,0,20_100_2_115,test
1115,20,100,2,115,0,20_100_2_115,test
1116,20,100,2,115,0,20_100_2_115,test
1117,20,100,1,115,1,20_100_1_115,train
1118,20,73,1,115,0,20_73_1_115,test
1119,20,73,1,115,0,20_73_1_115,test
1120,20,73,1,115,0,20_73_1_115,test
1121,20,73,1,115,0,20_73_1_115,test
1122,20,73,1,115,0,20_73_1_115,test
1123,20,73,1,115,0,20_73_1_115,test
1124,20,73,1,115,0,20_73_1_115,test
1125,20,73,1,115,0,20_73_1_115,test
1126,20,73,1,115,0,20_73_1_115,test
1127,20,73,1,115,0,20_73_1_115,test
1128,20,80,1,115,0,20_80_1_115,train
1129,20,80,1,115,0,20_80_1_115,train
1130,20,80,1,115,0,20_80_1_115,train
1131,20,80,1,115,0,20_80_1_115,train
1132,20,80,1,115,0,20_80_1_115,train
1133,20,80,1,115,0,20_80_1_115,train
1134,20,80,1,115,0,20_80_1_115,train
1135,20,80,1,115,0,20_80_1_115,train
1136,20,80,1,115,0,20_80_1_115,train
1137,20,80,1,115,0,20_80_1_115,train
1138,20,90,1,115,0,20_90_1_115,train
1139,20,90,1,115,0,20_90_1_115,train
1140,20,90,1,115,0,20_90_1_115,train
1141,20,90,1,115,0,20_90_1_115,train
1142,20,90,1,115,0,20_90_1_115,train
1143,20,90,1,115,0,20_90_1_115,train
1144,20,90,1,115,0,20_90_1_115,train
1145,20,90,1,115,0,20_90_1_115,train
1146,20,90,1,115,0,20_90_1_115,train
1147,20,90,1,115,0,20_90_1_115,train
1148,20,100,1,115,0,20_100_1_115,train
1149,20,100,1,115,0,20_100_1_115,train
1150,20,100,1,115,0,20_100_1_115,train
1151,20,100,1,115,0,20_100_1_115,train
1152,20,100,1,115,0,20_100_1_115,train
1153,20,100,1,115,0,20_100_1_115,train
1154,20,100,1,115,0,20_100_1_115,train
1155,20,100,1,115,0,20_100_1_115,train
1156,20,100,1,115,0,20_100_1_115,train
1157,20,100,1,115,0,20_100_1_115,train
1158,20,100,0,115,1,20_100_0_115,train
1159,20,73,0,115,0,20_73_0_115,train
1160,20,73,0,115,0,20_73_0_115,train
1161,20,73,0,115,0,20_73_0_115,train
1162,20,73,0,115,0,20_73_0_115,train
1163,20,73,0,115,0,20_73_0_115,train
1164,20,73,0,115,0,20_73_0_115,train
1165,20,73,0,115,0,20_73_0_115,train
1166,20,73,0,115,0,20_73_0_115,train
1167,20,73,0,115,0,20_73_0_115,train
1168,20,73,0,115,0,20_73_0_115,train
1169,20,80,0,115,0,20_80_0_115,test
1170,20,80,0,115,0,20_80_0_115,test
1171,20,80,0,115,0,20_80_0_115,test
1172,20,80,0,115,0,20_80_0_115,test
1173,20,80,0,115,0,20_80_0_115,test
1174,20,80,0,115,0,20_80_0_115,test
1175,20,80,0,115,0,20_80_0_115,test
1176,20,80,0,115,0,20_80_0_115,test
1177,20,80,0,115,0,20_80_0_115,test
1178,20,80,0,115,0,20_80_0_115,test
1179,20,90,0,115,0,20_90_0_115,train
1180,20,90,0,115,0,20_90_0_115,train
1181,20,90,0,115,0,20_90_0_115,train
1182,20,90,0,115,0,20_90_0_115,train
1183,20,90,0,115,0,20_90_0_115,train
1184,20,90,0,115,0,20_90_0_115,train
1185,20,90,0,115,0,20_90_0_115,train
1186,20,90,0,115,0,20_90_0_115,train
1187,20,90,0,115,0,20_90_0_115,train
1188,20,90,0,115,0,20_90_0_115,train
1189,20,100,0,115,0,20_100_0_115,train
1190,20,100,0,115,0,20_100_0_115,train
1191,20,100,0,115,0,20_100_0_115,train
1192,20,100,0,115,0,20_100_0_115,train
1193,20,100,0,115,0,20_100_0_115,train
1194,20,100,0,115,0,20_100_0_115,train
1195,20,100,0,115,0,20_100_0_115,train
1196,20,100,0,115,0,20_100_0_115,train
1197,20,100,0,115,0,20_100_0_115,train
1198,20,100,0,115,0,20_100_0_115,train
1199,20,100,0,100,1,20_100_0_100,train
1200,20,100,0,100,1,20_100_0_100,train
1201,20,100,0,100,1,20_100_0_100,train
1202,20,100,0,100,1,20_100_0_100,train
1203,20,100,0,100,1,20_100_0_100,train
1204,20,100,0,100,1,20_100_0_100,train
1205,20,100,0,100,1,20_100_0_100,train
1206,20,100,0,100,1,20_100_0_100,train
1207,20,100,0,100,1,20_100_0_100,train
1208,20,100,0,100,1,20_100_0_100,train
1209,20,100,2,100,1,20_100_2_100,train
1210,20,73,2,100,0,20_73_2_100,test
1211,20,73,2,100,0,20_73_2_100,test
1212,20,73,2,100,0,20_73_2_100,test
1213,20,73,2,100,0,20_73_2_100,test
1214,20,73,2,100,0,20_73_2_100,test
1215,20,73,2,100,0,20_73_2_100,test
1216,20,73,2,100,0,20_73_2_100,test
1217,20,73,2,100,0,20_73_2_100,test
1218,20,73,2,100,0,20_73_2_100,test
1219,20,73,2,100,0,20_73_2_100,test
1220,20,80,2,100,0,20_80_2_100,train
1221,20,80,2,100,0,20_80_2_100,train
1222,20,80,2,100,0,20_80_2_100,train
1223,20,80,2,100,0,20_80_2_100,train
1224,20,80,2,100,0,20_80_2_100,train
1225,20,80,2,100,0,20_80_2_100,train
1226,20,80,2,100,0,20_80_2_100,train
1227,20,80,2,100,0,20_80_2_100,train
1228,20,80,2,100,0,20_80_2_100,train
1229,20,80,2,100,0,20_80_2_100,train
1230,20,90,2,100,0,20_90_2_100,train
1231,20,90,2,100,0,20_90_2_100,train
1232,20,90,2,100,0,20_90_2_100,train
1233,20,90,2,100,0,20_90_2_100,train
1234,20,90,2,100,0,20_90_2_100,train
1235,20,90,2,100,0,20_90_2_100,train
1236,20,90,2,100,0,20_90_2_100,train
1237,20,90,2,100,0,20_90_2_100,train
1238,20,90,2,100,0,20_90_2_100,train
1239,20,90,2,100,0,20_90_2_100,train
1240,20,100,2,100,0,20_100_2_100,train
1241,20,100,2,100,0,20_100_2_100,train
1242,20,100,2,100,0,20_100_2_100,train
1243,20,100,2,100,0,20_100_2_100,train
1244,20,100,2,100,0,20_100_2_100,train
1245,20,100,2,100,0,20_100_2_100,train
1246,20,100,2,100,0,20_100_2_100,train
1247,20,100,2,100,0,20_100_2_100,train
1248,20,100,2,100,0,20_100_2_100,train
1249,20,100,2,100,0,20_100_2_100,train
1250,20,100,1,100,1,20_100_1_100,train
1251,20,73,1,100,0,20_73_1_100,train
1252,20,73,1,100,0,20_73_1_100,train
1253,20,73,1,100,0,20_73_1_100,train
1254,20,73,1,100,0,20_73_1_100,train
1255,20,73,1,100,0,20_73_1_100,train
1256,20,73,1,100,0,20_73_1_100,train
1257,20,73,1,100,0,20_73_1_100,train
1258,20,73,1,100,0,20_73_1_100,train
1259,20,73,1,100,0,20_73_1_100,train
1260,20,73,1,100,0,20_73_1_100,train
1261,20,80,1,100,0,20_80_1_100,test
1262,20,80,1,100,0,20_80_1_100,test
1263,20,80,1,100,0,20_80_1_100,test
1264,20,80,1,100,0,20_80_1_100,test
1265,20,80,1,100,0,20_80_1_100,test
1266,20,80,1,100,0,20_80_1_100,test
1267,20,80,1,100,0,20_80_1_100,test
1268,20,80,1,100,0,20_80_1_100,test
1269,20,80,1,100,0,20_80_1_100,test
1270,20,80,1,100,0,20_80_1_100,test
1271,20,90,1,100,0,20_90_1_100,train
1272,20,90,1,100,0,20_90_1_100,train
1273,20,90,1,100,0,20_90_1_100,train
1274,20,90,1,100,0,20_90_1_100,train
1275,20,90,1,100,0,20_90_1_100,train
1276,20,90,1,100,0,20_90_1_100,train
1277,20,90,1,100,0,20_90_1_100,train
1278,20,90,1,100,0,20_90_1_100,train
1279,20,90,1,100,0,20_90_1_100,train
1280,20,90,1,100,0,20_90_1_100,train
1281,20,100,1,100,0,20_100_1_100,train
1282,20,100,1,100,0,20_100_1_100,train
1283,20,100,1,100,0,20_100_1_100,train
1284,20,100,1,100,0,20_100_1_100,train
1285,20,100,1,100,0,20_100_1_100,train
1286,20,100,1,100,0,20_100_1_100,train
1287,20,100,1,100,0,20_100_1_100,train
1288,20,100,1,100,0,20_100_1_100,train
1289,20,100,1,100,0,20_100_1_100,train
1290,20,100,1,100,0,20_100_1_100,train
1291,20,100,0,100,1,20_100_0_100,train
1292,20,73,0,100,0,20_73_0_100,train
1293,20,73,0,100,0,20_73_0_100,train
1294,20,73,0,100,0,20_73_0_100,train
1295,20,73,0,100,0,20_73_0_100,train
1296,20,73,0,100,0,20_73_0_100,train
1297,20,73,0,100,0,20_73_0_100,train
1298,20,73,0,100,0,20_73_0_100,train
1299,20,73,0,100,0,20_73_0_100,train
1300,20,73,0,100,0,20_73_0_100,train
1301,20,73,0,100,0,20_73_0_100,train
1302,20,80,0,100,0,20_80_0_100,train
1303,20,80,0,100,0,20_80_0_100,train
1304,20,80,0,100,0,20_80_0_100,train
1305,20,80,0,100,0,20_80_0_100,train
1306,20,80,0,100,0,20_80_0_100,train
1307,20,80,0,100,0,20_80_0_100,train
1308,20,80,0,100,0,20_80_0_100,train
1309,20,80,0,100,0,20_80_0_100,train
1310,20,80,0,100,0,20_80_0_100,train
1311,20,80,0,100,0,20_80_0_100,train
1312,20,90,0,100,0,20_90_0_100,test
1313,20,90,0,100,0,20_90_0_100,test
1314,20,90,0,100,0,20_90_0_100,test
1315,20,90,0,100,0,20_90_0_100,test
1316,20,90,0,100,0,20_90_0_100,test
1317,20,90,0,100,0,20_90_0_100,test
1318,20,90,0,100,0,20_90_0_100,test
1319,20,90,0,100,0,20_90_0_100,test
1320,20,90,0,100,0,20_90_0_100,test
1321,20,90,0,100,0,20_90_0_100,test
1322,20,100,0,100,0,20_100_0_100,train
1323,20,100,0,100,0,20_100_0_100,train
1324,20,100,0,100,0,20_100_0_100,train
1325,20,100,0,100,0,20_100_0_100,train
1326,20,100,0,100,0,20_100_0_100,train
1327,20,100,0,100,0,20_100_0_100,train
1328,20,100,0,100,0,20_100_0_100,train
1329,20,100,0,100,0,20_100_0_100,train
1330,20,100,0,100,0,20_100_0_100,train
1331,20,100,0,100,0,20_100_0_100,train
1332,20,100,0,90,1,20_100_0_90,train
1333,20,100,0,90,1,20_100_0_90,train
1334,20,100,0,90,1,20_100_0_90,train
1335,20,100,0,90,1,20_100_0_90,train
1336,20,100,0,90,1,20_100_0_90,train
1337,20,100,0,90,1,20_100_0_90,train
1338,20,100,0,90,1,20_100_0_90,train
1339,20,100,0,90,1,20_100_0_90,train
1340,20,100,0,90,1,20_100_0_90,train
1341,20,100,0,90,1,20_100_0_90,train
1342,20,100,2,90,1,20_100_2_90,train
1343,20,73,2,90,0,20_73_2_90,train
1344,20,73,2,90,0,20_73_2_90,train
1345,20,73,2,90,0,20_73_2_90,train
1346,20,73,2,90,0,20_73_2_90,train
1347,20,73,2,90,0,20_73_2_90,train
1348,20,73,2,90,0,20_73_2_90,train
1349,20,73,2,90,0,20_73_2_90,train
1350,20,73,2,90,0,20_73_2_90,train
1351,20,73,2,90,0,20_73_2_90,train
1352,20,73,2,90,0,20_73_2_90,train
1353,20,80,2,90,0,20_80_2_90,test
1354,20,80,2,90,0,20_80_2_90,test
1355,20,80,2,90,0,20_80_2_90,test
1356,20,80,2,90,0,20_80_2_90,test
1357,20,80,2,90,0,20_80_2_90,test
1358,20,80,2,90,0,20_80_2_90,test
1359,20,80,2,90,0,20_80_2_90,test
1360,20,80,2,90,0,20_80_2_90,test
1361,20,80,2,90,0,20_80_2_90,test
1362,20,80,2,90,0,20_80_2_90,test
1363,20,90,2,90,0,20_90_2_90,train
1364,20,90,2,90,0,20_90_2_90,train
1365,20,90,2,90,0,20_90_2_90,train
1366,20,90,2,90,0,20_90_2_90,train
1367,20,90,2,90,0,20_90_2_90,train
1368,20,90,2,90,0,20_90_2_90,train
1369,20,90,2,90,0,20_90_2_90,train
1370,20,90,2,90,0,20_90_2_90,train
1371,20,90,2,90,0,20_90_2_90,train
1372,20,90,2,90,0,20_90_2_90,train
1373,20,100,2,90,0,20_100_2_90,train
1374,20,100,2,90,0,20_100_2_90,train
1375,20,100,2,90,0,20_100_2_90,train
1376,20,100,2,90,0,20_100_2_90,train
1377,20,100,2,90,0,20_100_2_90,train
1378,20,100,2,90,0,20_100_2_90,train
1379,20,100,2,90,0,20_100_2_90,train
1380,20,100,2,90,0,20_100_2_90,train
1381,20,100,2,90,0,20_100_2_90,train
1382,20,100,2,90,0,20_100_2_90,train
1383,20,100,1,90,1,20_100_1_90,train
1384,20,73,1,90,0,20_73_1_90,train
1385,20,73,1,90,0,20_73_1_90,train
1386,20,73,1,90,0,20_73_1_90,train
1387,20,73,1,90,0,20_73_1_90,train
1388,20,73,1,90,0,20_73_1_90,train
1389,20,73,1,90,0,20_73_1_90,train
1390,20,73,1,90,0,20_73_1_90,train
1391,20,73,1,90,0,20_73_1_90,train
1392,20,73,1,90,0,20_73_1_90,train
1393,20,73,1,90,0,20_73_1_90,train
1394,20,80,1,90,0,20_80_1_90,train
1395,20,80,1,90,0,20_80_1_90,train
1396,20,80,1,90,0,20_80_1_90,train
1397,20,80,1,90,0,20_80_1_90,train
1398,20,80,1,90,0,20_80_1_90,train
1399,20,80,1,90,0,20_80_1_90,train
1400,20,80,1,90,0,20_80_1_90,train
1401,20,80,1,90,0,20_80_1_90,train
1402,20,80,1,90,0,20_80_1_90,train
1403,20,80,1,90,0,20_80_1_90,train
1404,20,90,1,90,0,20_90_1_90,test
1405,20,90,1,90,0,20_90_1_90,test
1406,20,90,1,90,0,20_90_1_90,test
1407,20,90,1,90,0,20_90_1_90,test
1408,20,90,1,90,0,20_90_1_90,test
1409,20,90,1,90,0,20_90_1_90,test
1410,20,90,1,90,0,20_90_1_90,test
1411,20,90,1,90,0,20_90_1_90,test
1412,20,90,1,90,0,20_90_1_90,test
1413,20,90,1,90,0,20_90_1_90,test
1414,20,100,1,90,0,20_100_1_90,train
1415,20,100,1,90,0,20_100_1_90,train
1416,20,100,1,90,0,20_100_1_90,train
1417,20,100,1,90,0,20_100_1_90,train
1418,20,100,1,90,0,20_100_1_90,train
1419,20,100,1,90,0,20_100_1_90,train
1420,20,100,1,90,0,20_100_1_90,train
1421,20,100,1,90,0,20_100_1_90,train
1422,20,100,1,90,0,20_100_1_90,train
1423,20,100,1,90,0,20_100_1_90,train
1424,20,100,0,90,1,20_100_0_90,train
1425,20,73,0,90,0,20_73_0_90,train
1426,20,73,0,90,0,20_73_0_90,train
1427,20,73,0,90,0,20_73_0_90,train
1428,20,73,0,90,0,20_73_0_90,train
1429,20,73,0,90,0,20_73_0_90,train
1430,20,73,0,90,0,20_73_0_90,train
1431,20,73,0,90,0,20_73_0_90,train
1432,20,73,0,90,0,20_73_0_90,train
1433,20,73,0,90,0,20_73_0_90,train
1434,20,73,0,90,0,20_73_0_90,train
1435,20,80,0,90,0,20_80_0_90,train
1436,20,80,0,90,0,20_80_0_90,train
1437,20,80,0,90,0,20_80_0_90,train
1438,20,80,0,90,0,20_80_0_90,train
1439,20,80,0,90,0,20_80_0_90,train
1440,20,80,0,90,0,20_80_0_90,train
1441,20,80,0,90,0,20_80_0_90,train
1442,20,80,0,90,0,20_80_0_90,train
1443,20,80,0,90,0,20_80_0_90,train
1444,20,80,0,90,0,20_80_0_90,train
1445,20,90,0,90,0,20_90_0_90,train
1446,20,90,0,90,0,20_90_0_90,train
1447,20,90,0,90,0,20_90_0_90,train
1448,20,90,0,90,0,20_90_0_90,train
1449,20,90,0,90,0,20_90_0_90,train
1450,20,90,0,90,0,20_90_0_90,train
1451,20,90,0,90,0,20_90_0_90,train
1452,20,90,0,90,0,20_90_0_90,train
1453,20,90,0,90,0,20_90_0_90,train
1454,20,90,0,90,0,20_90_0_90,train
1455,20,100,0,90,0,20_100_0_90,train
1456,20,100,0,90,0,20_100_0_90,train
1457,20,100,0,90,0,20_100_0_90,train
1458,20,100,0,90,0,20_100_0_90,train
1459,20,100,0,90,0,20_100_0_90,train
1460,20,100,0,90,0,20_100_0_90,train
1461,20,100,0,90,0,20_100_0_90,train
1462,20,100,0,90,0,20_100_0_90,train
1463,20,100,0,90,0,20_100_0_90,train
1464,20,100,0,90,0,20_100_0_90,train
1465,100,100,0,90,1,100_100_0_90,train
1466,100,100,0,90,1,100_100_0_90,train
1467,100,100,0,90,1,100_100_0_90,train
1468,100,100,0,90,1,100_100_0_90,train
1469,100,100,0,90,1,100_100_0_90,train
1470,100,100,0,90,1,100_100_0_90,train
1471,100,100,0,90,1,100_100_0_90,train
1472,100,100,0,90,1,100_100_0_90,train
1473,100,100,0,90,1,100_100_0_90,train
1474,100,100,0,90,1,100_100_0_90,train
1475,100,100,0,90,1,100_100_0_90,train
1476,100,100,0,90,1,100_100_0_90,train
1477,100,100,0,90,1,100_100_0_90,train
1478,100,100,0,90,1,100_100_0_90,train
1479,100,100,0,90,1,100_100_0_90,train
1480,100,100,0,90,1,100_100_0_90,train
1481,100,100,0,90,1,100_100_0_90,train
1482,100,100,0,90,1,100_100_0_90,train
1483,100,100,0,90,1,100_100_0_90,train
1484,100,100,0,90,1,100_100_0_90,train
1485,100,100,0,90,1,100_100_0_90,train
1486,100,100,0,90,1,100_100_0_90,train
1487,100,100,0,90,1,100_100_0_90,train
1488,100,100,0,90,1,100_100_0_90,train
1489,100,100,0,90,1,100_100_0_90,train
1490,100,100,0,90,1,100_100_0_90,train
1491,100,100,0,90,1,100_100_0_90,train
1492,100,100,0,90,1,100_100_0_90,train
1493,100,100,0,90,1,100_100_0_90,train
1494,100,100,0,90,1,100_100_0_90,train
1495,100,100,0,90,1,100_100_0_90,train
1496,100,100,0,90,1,100_100_0_90,train
1497,100,100,0,90,1,100_100_0_90,train
1498,100,100,0,90,1,100_100_0_90,train
1499,100,100,0,90,1,100_100_0_90,train
1500,100,100,0,90,1,100_100_0_90,train
1501,100,100,0,90,1,100_100_0_90,train
1502,100,100,0,90,1,100_100_0_90,train
1503,100,100,0,90,1,100_100_0_90,train
1504,100,100,0,90,1,100_100_0_90,train
1505,100,100,0,90,1,100_100_0_90,train
1506,100,100,0,90,1,100_100_0_90,train
1507,100,100,0,90,1,100_100_0_90,train
1508,100,100,0,90,1,100_100_0_90,train
1509,100,100,0,90,1,100_100_0_90,train
1510,100,100,0,90,1,100_100_0_90,train
1511,100,100,0,90,1,100_100_0_90,train
1512,100,100,0,90,1,100_100_0_90,train
1513,100,100,0,90,1,100_100_0_90,train
1514,100,100,0,90,1,100_100_0_90,train
1515,100,100,0,90,1,100_100_0_90,train
1516,100,100,0,90,1,100_100_0_90,train
1517,100,100,0,90,1,100_100_0_90,train
1518,100,100,0,90,1,100_100_0_90,train
1519,100,100,0,90,1,100_100_0_90,train
1520,100,100,0,90,1,100_100_0_90,train
1521,100,100,0,90,1,100_100_0_90,train
1522,100,100,0,90,1,100_100_0_90,train
1523,100,100,0,90,1,100_100_0_90,train
1524,100,100,0,90,1,100_100_0_90,train
1525,100,100,0,90,1,100_100_0_90,train
1526,100,100,0,90,1,100_100_0_90,train
1527,100,100,0,90,1,100_100_0_90,train
1528,100,100,0,90,1,100_100_0_90,train
1529,100,100,0,90,1,100_100_0_90,train
1530,100,100,0,90,1,100_100_0_90,train
1531,100,100,0,90,1,100_100_0_90,train
1532,100,100,0,90,1,100_100_0_90,train
1533,100,100,0,90,1,100_100_0_90,train
1534,100,100,0,90,1,100_100_0_90,train
1535,100,100,0,90,1,100_100_0_90,train
1536,100,100,0,90,1,100_100_0_90,train
1537,100,100,0,90,1,100_100_0_90,train
1538,100,100,0,90,1,100_100_0_90,train
1539,100,100,0,90,1,100_100_0_90,train
1540,100,100,0,90,1,100_100_0_90,train
1541,100,100,0,90,1,100_100_0_90,train
1542,100,100,0,90,1,100_100_0_90,train
1543,100,100,0,90,1,100_100_0_90,train
1544,100,100,0,90,1,100_100_0_90,train
1545,100,100,0,90,1,100_100_0_90,train
1546,100,100,0,90,1,100_100_0_90,train
1547,100,100,0,90,1,100_100_0_90,train
1548,100,100,0,90,1,100_100_0_90,train
1549,100,100,0,90,1,100_100_0_90,train
1550,100,100,0,90,1,100_100_0_90,train
1551,100,100,0,90,1,100_100_0_90,train
1552,100,100,0,90,1,100_100_0_90,train
1553,100,100,0,90,1,100_100_0_90,train
1554,100,100,0,90,1,100_100_0_90,train
1555,100,100,0,90,1,100_100_0_90,train
1556,100,100,0,90,1,100_100_0_90,train
1557,100,100,0,90,1,100_100_0_90,train
1558,100,100,0,90,1,100_100_0_90,train
1559,100,100,0,90,1,100_100_0_90,train
1560,100,100,0,90,1,100_100_0_90,train
1561,100,100,0,90,1,100_100_0_90,train
1562,100,100,0,90,1,100_100_0_90,train
1563,100,100,0,90,1,100_100_0_90,train
1564,100,100,0,90,1,100_100_0_90,train
1565,100,100,0,90,1,100_100_0_90,train
1566,100,100,0,90,1,100_100_0_90,train
1567,100,100,0,90,1,100_100_0_90,train
1568,100,100,0,90,1,100_100_0_90,train
1569,100,100,0,90,1,100_100_0_90,train
1570,100,100,0,90,1,100_100_0_90,train
1571,100,100,0,90,1,100_100_0_90,train
1572,100,100,0,90,1,100_100_0_90,train
1573,100,100,0,90,1,100_100_0_90,train
1574,100,100,0,90,1,100_100_0_90,train
1575,100,100,0,90,1,100_100_0_90,train
1576,100,100,0,90,1,100_100_0_90,train
1577,100,100,0,90,1,100_100_0_90,train
1578,100,100,0,90,1,100_100_0_90,train
1579,100,100,0,90,1,100_100_0_90,train
1580,100,100,0,90,1,100_100_0_90,train
1581,100,100,0,90,1,100_100_0_90,train
1582,100,100,0,90,1,100_100_0_90,train
1583,100,100,0,90,1,100_100_0_90,train
1584,100,100,0,90,1,100_100_0_90,train
1585,100,100,0,90,1,100_100_0_90,train
1586,100,100,0,90,1,100_100_0_90,train
1587,100,100,0,90,1,100_100_0_90,train
1588,100,100,0,90,1,100_100_0_90,train
1589,100,100,0,90,1,100_100_0_90,train
1590,100,100,0,90,1,100_100_0_90,train
1591,100,100,0,90,1,100_100_0_90,train
1592,100,100,0,90,1,100_100_0_90,train
1593,100,100,0,90,1,100_100_0_90,train
1594,100,100,0,90,1,100_100_0_90,train
1595,100,100,0,90,1,100_100_0_90,train
1596,100,100,0,90,1,100_100_0_90,train
1597,100,100,0,90,1,100_100_0_90,train
1598,100,100,0,90,1,100_100_0_90,train
1599,100,100,0,90,1,100_100_0_90,train
1600,100,100,0,90,1,100_100_0_90,train
1601,100,100,0,90,1,100_100_0_90,train
1602,100,100,0,90,1,100_100_0_90,train
1603,100,100,0,90,1,100_100_0_90,train
1604,100,100,0,90,1,100_100_0_90,train
1605,100,100,0,90,1,100_100_0_90,train
1606,100,100,0,90,1,100_100_0_90,train
1607,100,100,0,90,1,100_100_0_90,train
1608,100,100,0,90,1,100_100_0_90,train
1609,100,100,0,90,1,100_100_0_90,train
1610,100,100,0,90,1,100_100_0_90,train
1611,100,100,0,90,1,100_100_0_90,train
1612,100,100,0,90,1,100_100_0_90,train
1613,100,100,0,90,1,100_100_0_90,train
1614,100,100,0,90,1,100_100_0_90,train
1615,100,100,0,90,1,100_100_0_90,train
1616,100,100,0,90,1,100_100_0_90,train
1617,100,100,0,90,1,100_100_0_90,train
1618,100,100,0,90,1,100_100_0_90,train
1619,100,100,0,90,1,100_100_0_90,train
1620,100,100,0,90,1,100_100_0_90,train
1621,100,100,0,90,1,100_100_0_90,train
1622,100,100,0,90,1,100_100_0_90,train
1623,100,100,0,90,1,100_100_0_90,train
1624,100,100,0,90,1,100_100_0_90,train
1625,100,100,0,90,1,100_100_0_90,train
1626,100,100,0,90,1,100_100_0_90,train
1627,100,100,0,90,1,100_100_0_90,train
1628,100,100,0,90,1,100_100_0_90,train
1629,100,100,0,90,1,100_100_0_90,train
1630,100,100,0,90,1,100_100_0_90,train
1631,100,100,0,90,1,100_100_0_90,train
1632,100,100,0,90,1,100_100_0_90,train
1633,100,100,0,90,1,100_100_0_90,train
1634,100,100,0,90,1,100_100_0_90,train
1635,100,100,0,90,1,100_100_0_90,train
1636,100,100,0,90,1,100_100_0_90,train
1637,100,100,0,90,1,100_100_0_90,train
1638,100,100,0,90,1,100_100_0_90,train
1639,100,100,0,90,1,100_100_0_90,train
1640,100,100,0,90,1,100_100_0_90,train
1641,100,100,0,90,1,100_100_0_90,train
1642,100,100,0,90,1,100_100_0_90,train
1643,100,100,0,90,1,100_100_0_90,train
1644,100,100,0,90,1,100_100_0_90,train
1645,100,100,0,90,1,100_100_0_90,train
1646,100,100,0,90,1,100_100_0_90,train
1647,100,100,0,90,1,100_100_0_90,train
1648,100,100,0,90,1,100_100_0_90,train
1649,100,100,0,90,1,100_100_0_90,train
1650,100,100,0,90,1,100_100_0_90,train
1651,100,100,0,90,1,100_100_0_90,train
1652,100,100,0,90,1,100_100_0_90,train
1653,100,100,0,90,1,100_100_0_90,train
1654,100,100,0,90,1,100_100_0_90,train
1655,100,100,0,90,1,100_100_0_90,train
1656,100,100,0,90,1,100_100_0_90,train
1657,100,100,0,90,1,100_100_0_90,train
1658,100,100,0,90,1,100_100_0_90,train
1659,100,100,0,90,1,100_100_0_90,train
1660,100,100,0,90,1,100_100_0_90,train
1661,100,100,0,90,1,100_100_0_90,train
1662,100,100,0,90,1,100_100_0_90,train
1663,100,100,0,90,1,100_100_0_90,train
1664,100,100,0,90,1,100_100_0_90,train
1665,100,100,0,130,1,100_100_0_130,train
1666,100,100,0,130,1,100_100_0_130,train
1667,100,100,0,130,1,100_100_0_130,train
1668,100,100,0,130,1,100_100_0_130,train
1669,100,100,0,130,1,100_100_0_130,train
1670,100,100,0,130,1,100_100_0_130,train
1671,100,100,0,130,1,100_100_0_130,train
1672,100,100,0,130,1,100_100_0_130,train
1673,100,100,0,130,1,100_100_0_130,train
1674,100,100,0,130,1,100_100_0_130,train
1675,100,100,2,130,1,100_100_2_130,train
1676,100,73,2,130,0,100_73_2_130,train
1677,100,73,2,130,0,100_73_2_130,train
1678,100,73,2,130,0,100_73_2_130,train
1679,100,73,2,130,0,100_73_2_130,train
1680,100,73,2,130,0,100_73_2_130,train
1681,100,73,2,130,0,100_73_2_130,train
1682,100,73,2,130,0,100_73_2_130,train
1683,100,73,2,130,0,100_73_2_130,train
1684,100,73,2,130,0,100_73_2_130,train
1685,100,73,2,130,0,100_73_2_130,train
1686,100,80,2,130,0,100_80_2_130,test
1687,100,80,2,130,0,100_80_2_130,test
1688,100,80,2,130,0,100_80_2_130,test
1689,100,80,2,130,0,100_80_2_130,test
1690,100,80,2,130,0,100_80_2_130,test
1691,100,80,2,130,0,100_80_2_130,test
1692,100,80,2,130,0,100_80_2_130,test
1693,100,80,2,130,0,100_80_2_130,test
1694,100,80,2,130,0,100_80_2_130,test
1695,100,80,2,130,0,100_80_2_130,test
1696,100,90,2,130,0,100_90_2_130,train
1697,100,90,2,130,0,100_90_2_130,train
1698,100,90,2,130,0,100_90_2_130,train
1699,100,90,2,130,0,100_90_2_130,train
1700,100,90,2,130,0,100_90_2_130,train
1701,100,90,2,130,0,100_90_2_130,train
1702,100,90,2,130,0,100_90_2_130,train
1703,100,90,2,130,0,100_90_2_130,train
1704,100,90,2,130,0,100_90_2_130,train
1705,100,90,2,130,0,100_90_2_130,train
1706,100,100,2,130,0,100_100_2_130,train
1707,100,100,2,130,0,100_100_2_130,train
1708,100,100,2,130,0,100_100_2_130,train
1709,100,100,2,130,0,100_100_2_130,train
1710,100,100,2,130,0,100_100_2_130,train
1711,100,100,2,130,0,100_100_2_130,train
1712,100,100,2,130,0,100_100_2_130,train
1713,100,100,2,130,0,100_100_2_130,train
1714,100,100,2,130,0,100_100_2_130,train
1715,100,100,2,130,0,100_100_2_130,train
1716,100,100,1,130,1,100_100_1_130,train
1717,100,73,1,130,0,100_73_1_130,train
1718,100,73,1,130,0,100_73_1_130,train
1719,100,73,1,130,0,100_73_1_130,train
1720,100,73,1,130,0,100_73_1_130,train
1721,100,73,1,130,0,100_73_1_130,train
1722,100,73,1,130,0,100_73_1_130,train
1723,100,73,1,130,0,100_73_1_130,train
1724,100,73,1,130,0,100_73_1_130,train
1725,100,73,1,130,0,100_73_1_130,train
1726,100,73,1,130,0,100_73_1_130,train
1727,100,80,1,130,0,100_80_1_130,train
1728,100,80,1,130,0,100_80_1_130,train
1729,100,80,1,130,0,100_80_1_130,train
1730,100,80,1,130,0,100_80_1_130,train
1731,100,80,1,130,0,100_80_1_130,train
1732,100,80,1,130,0,100_80_1_130,train
1733,100,80,1,130,0,100_80_1_130,train
1734,100,80,1,130,0,100_80_1_130,train
1735,100,80,1,130,0,100_80_1_130,train
1736,100,80,1,130,0,100_80_1_130,train
1737,100,90,1,130,0,100_90_1_130,test
1738,100,90,1,130,0,100_90_1_130,test
1739,100,90,1,130,0,100_90_1_130,test
1740,100,90,1,130,0,100_90_1_130,test
1741,100,90,1,130,0,100_90_1_130,test
1742,100,90,1,130,0,100_90_1_130,test
1743,100,90,1,130,0,100_90_1_130,test
1744,100,90,1,130,0,100_90_1_130,test
1745,100,90,1,130,0,100_90_1_130,test
1746,100,90,1,130,0,100_90_1_130,test
1747,100,100,1,130,0,100_100_1_130,train
1748,100,100,1,130,0,100_100_1_130,train
1749,100,100,1,130,0,100_100_1_130,train
1750,100,100,1,130,0,100_100_1_130,train
1751,100,100,1,130,0,100_100_1_130,train
1752,100,100,1,130,0,100_100_1_130,train
1753,100,100,1,130,0,100_100_1_130,train
1754,100,100,1,130,0,100_100_1_130,train
1755,100,100,1,130,0,100_100_1_130,train
1756,100,100,1,130,0,100_100_1_130,train
1757,100,100,0,130,1,100_100_0_130,train
1758,100,73,0,130,0,100_73_0_130,train
1759,100,73,0,130,0,100_73_0_130,train
1760,100,73,0,130,0,100_73_0_130,train
1761,100,73,0,130,0,100_73_0_130,train
1762,100,73,0,130,0,100_73_0_130,train
1763,100,73,0,130,0,100_73_0_130,train
1764,100,73,0,130,0,100_73_0_130,train
1765,100,73,0,130,0,100_73_0_130,train
1766,100,73,0,130,0,100_73_0_130,train
1767,100,73,0,130,0,100_73_0_130,train
1768,100,80,0,130,0,100_80_0_130,train
1769,100,80,0,130,0,100_80_0_130,train
1770,100,80,0,130,0,100_80_0_130,train
1771,100,80,0,130,0,100_80_0_130,train
1772,100,80,0,130,0,100_80_0_130,train
1773,100,80,0,130,0,100_80_0_130,train
1774,100,80,0,130,0,100_80_0_130,train
1775,100,80,0,130,0,100_80_0_130,train
1776,100,80,0,130,0,100_80_0_130,train
1777,100,80,0,130,0,100_80_0_130,train
1778,100,90,0,130,0,100_90_0_130,train
1779,100,90,0,130,0,100_90_0_130,train
1780,100,90,0,130,0,100_90_0_130,train
1781,100,90,0,130,0,100_90_0_130,train
1782,100,90,0,130,0,100_90_0_130,train
1783,100,90,0,130,0,100_90_0_130,train
1784,100,90,0,130,0,100_90_0_130,train
1785,100,90,0,130,0,100_90_0_130,train
1786,100,90,0,130,0,100_90_0_130,train
1787,100,90,0,130,0,100_90_0_130,train
1788,100,100,0,130,0,100_100_0_130,train
1789,100,100,0,130,0,100_100_0_130,train
1790,100,100,0,130,0,100_100_0_130,train
1791,100,100,0,130,0,100_100_0_130,train
1792,100,100,0,130,0,100_100_0_130,train
1793,100,100,0,130,0,100_100_0_130,train
1794,100,100,0,130,0,100_100_0_130,train
1795,100,100,0,130,0,100_100_0_130,train
1796,100,100,0,130,0,100_100_0_130,train
1797,100,100,0,130,0,100_100_0_130,train
1798,100,100,0,115,1,100_100_0_115,train
1799,100,100,0,115,1,100_100_0_115,train
1800,100,100,0,115,1,100_100_0_115,train
1801,100,100,0,115,1,100_100_0_115,train
1802,100,100,0,115,1,100_100_0_115,train
1803,100,100,0,115,1,100_100_0_115,train
1804,100,100,0,115,1,100_100_0_115,train
1805,100,100,0,115,1,100_100_0_115,train
1806,100,100,0,115,1,100_100_0_115,train
1807,100,100,0,115,1,100_100_0_115,train
1808,100,100,2,115,1,100_100_2_115,train
1809,100,73,2,115,0,100_73_2_115,train
1810,100,73,2,115,0,100_73_2_115,train
1811,100,73,2,115,0,100_73_2_115,train
1812,100,73,2,115,0,100_73_2_115,train
1813,100,73,2,115,0,100_73_2_115,train
1814,100,73,2,115,0,100_73_2_115,train
1815,100,73,2,115,0,100_73_2_115,train
1816,100,73,2,115,0,100_73_2_115,train
1817,100,73,2,115,0,100_73_2_115,train
1818,100,73,2,115,0,100_73_2_115,train
1819,100,80,2,115,0,100_80_2_115,train
1820,100,80,2,115,0,100_80_2_115,train
1821,100,80,2,115,0,100_80_2_115,train
1822,100,80,2,115,0,100_80_2_115,train
1823,100,80,2,115,0,100_80_2_115,train
1824,100,80,2,115,0,100_80_2_115,train
1825,100,80,2,115,0,100_80_2_115,train
1826,100,80,2,115,0,100_80_2_115,train
1827,100,80,2,115,0,100_80_2_115,train
1828,100,80,2,115,0,100_80_2_115,train
1829,100,90,2,115,0,100_90_2_115,test
1830,100,90,2,115,0,100_90_2_115,test
1831,100,90,2,115,0,100_90_2_115,test
1832,100,90,2,115,0,100_90_2_115,test
1833,100,90,2,115,0,100_90_2_115,test
1834,100,90,2,115,0,100_90_2_115,test
1835,100,90,2,115,0,100_90_2_115,test
1836,100,90,2,115,0,100_90_2_115,test
1837,100,90,2,115,0,100_90_2_115,test
1838,100,90,2,115,0,100_90_2_115,test
1839,100,100,2,115,0,100_100_2_115,train
1840,100,100,2,115,0,100_100_2_115,train
1841,100,100,2,115,0,100_100_2_115,train
1842,100,100,2,115,0,100_100_2_115,train
1843,100,100,2,115,0,100_100_2_115,train
1844,100,100,2,115,0,100_100_2_115,train
1845,100,100,2,115,0,100_100_2_115,train
1846,100,100,2,115,0,100_100_2_115,train
1847,100,100,2,115,0,100_100_2_115,train
1848,100,100,2,115,0,100_100_2_115,train
1849,100,100,1,115,1,100_100_1_115,test
1850,100,73,1,115,0,100_73_1_115,train
1851,100,73,1,115,0,100_73_1_115,train
1852,100,73,1,115,0,100_73_1_115,train
1853,100,73,1,115,0,100_73_1_115,train
1854,100,73,1,115,0,100_73_1_115,train
1855,100,73,1,115,0,100_73_1_115,train
1856,100,73,1,115,0,100_73_1_115,train
1857,100,73,1,115,0,100_73_1_115,train
1858,100,73,1,115,0,100_73_1_115,train
1859,100,73,1,115,0,100_73_1_115,train
1860,100,80,1,115,0,100_80_1_115,train
1861,100,80,1,115,0,100_80_1_115,train
1862,100,80,1,115,0,100_80_1_115,train
1863,100,80,1,115,0,100_80_1_115,train
1864,100,80,1,115,0,100_80_1_115,train
1865,100,80,1,115,0,100_80_1_115,train
1866,100,80,1,115,0,100_80_1_115,train
1867,100,80,1,115,0,100_80_1_115,train
1868,100,80,1,115,0,100_80_1_115,train
1869,100,80,1,115,0,100_80_1_115,train
1870,100,90,1,115,0,100_90_1_115,train
1871,100,90,1,115,0,100_90_1_115,train
1872,100,90,1,115,0,100_90_1_115,train
1873,100,90,1,115,0,100_90_1_115,train
1874,100,90,1,115,0,100_90_1_115,train
1875,100,90,1,115,0,100_90_1_115,train
1876,100,90,1,115,0,100_90_1_115,train
1877,100,90,1,115,0,100_90_1_115,train
1878,100,90,1,115,0,100_90_1_115,train
1879,100,90,1,115,0,100_90_1_115,train
1880,100,100,1,115,0,100_100_1_115,test
1881,100,100,1,115,0,100_100_1_115,test
1882,100,100,1,115,0,100_100_1_115,test
1883,100,100,1,115,0,100_100_1_115,test
1884,100,100,1,115,0,100_100_1_115,test
1885,100,100,1,115,0,100_100_1_115,test
1886,100,100,1,115,0,100_100_1_115,test
1887,100,100,1,115,0,100_100_1_115,test
1888,100,100,1,115,0,100_100_1_115,test
1889,100,100,1,115,0,100_100_1_115,test
1890,100,100,0,115,1,100_100_0_115,train
1891,100,73,0,115,0,100_73_0_115,test
1892,100,73,0,115,0,100_73_0_115,test
1893,100,73,0,115,0,100_73_0_115,test
1894,100,73,0,115,0,100_73_0_115,test
1895,100,73,0,115,0,100_73_0_115,test
1896,100,73,0,115,0,100_73_0_115,test
1897,100,73,0,115,0,100_73_0_115,test
1898,100,73,0,115,0,100_73_0_115,test
1899,100,73,0,115,0,100_73_0_115,test
1900,100,73,0,115,0,100_73_0_115,test
1901,100,80,0,115,0,100_80_0_115,train
1902,100,80,0,115,0,100_80_0_115,train
1903,100,80,0,115,0,100_80_0_115,train
1904,100,80,0,115,0,100_80_0_115,train
1905,100,80,0,115,0,100_80_0_115,train
1906,100,80,0,115,0,100_80_0_115,train
1907,100,80,0,115,0,100_80_0_115,train
1908,100,80,0,115,0,100_80_0_115,train
1909,100,80,0,115,0,100_80_0_115,train
1910,100,80,0,115,0,100_80_0_115,train
1911,100,90,0,115,0,100_90_0_115,train
1912,100,90,0,115,0,100_90_0_115,train
1913,100,90,0,115,0,100_90_0_115,train
1914,100,90,0,115,0,100_90_0_115,train
1915,100,90,0,115,0,100_90_0_115,train
1916,100,90,0,115,0,100_90_0_115,train
1917,100,90,0,115,0,100_90_0_115,train
1918,100,90,0,115,0,100_90_0_115,train
1919,100,90,0,115,0,100_90_0_115,train
1920,100,90,0,115,0,100_90_0_115,train
1921,100,100,0,115,0,100_100_0_115,train
1922,100,100,0,115,0,100_100_0_115,train
1923,100,100,0,115,0,100_100_0_115,train
1924,100,100,0,115,0,100_100_0_115,train
1925,100,100,0,115,0,100_100_0_115,train
1926,100,100,0,115,0,100_100_0_115,train
1927,100,100,0,115,0,100_100_0_115,train
1928,100,100,0,115,0,100_100_0_115,train
1929,100,100,0,115,0,100_100_0_115,train
1930,100,100,0,115,0,100_100_0_115,train
1931,100,100,0,100,1,100_100_0_100,train
1932,100,100,0,100,1,100_100_0_100,train
1933,100,100,0,100,1,100_100_0_100,train
1934,100,100,0,100,1,100_100_0_100,train
1935,100,100,0,100,1,100_100_0_100,train
1936,100,100,0,100,1,100_100_0_100,train
1937,100,100,0,100,1,100_100_0_100,train
1938,100,100,0,100,1,100_100_0_100,train
1939,100,100,0,100,1,100_100_0_100,train
1940,100,100,0,100,1,100_100_0_100,train
1941,100,100,2,100,1,100_100_2_100,test
1942,100,73,2,100,0,100_73_2_100,train
1943,100,73,2,100,0,100_73_2_100,train
1944,100,73,2,100,0,100_73_2_100,train
1945,100,73,2,100,0,100_73_2_100,train
1946,100,73,2,100,0,100_73_2_100,train
1947,100,73,2,100,0,100_73_2_100,train
1948,100,73,2,100,0,100_73_2_100,train
1949,100,73,2,100,0,100_73_2_100,train
1950,100,73,2,100,0,100_73_2_100,train
1951,100,73,2,100,0,100_73_2_100,train
1952,100,80,2,100,0,100_80_2_100,train
1953,100,80,2,100,0,100_80_2_100,train
1954,100,80,2,100,0,100_80_2_100,train
1955,100,80,2,100,0,100_80_2_100,train
1956,100,80,2,100,0,100_80_2_100,train
1957,100,80,2,100,0,100_80_2_100,train
1958,100,80,2,100,0,100_80_2_100,train
1959,100,80,2,100,0,100_80_2_100,train
1960,100,80,2,100,0,100_80_2_100,train
1961,100,80,2,100,0,100_80_2_100,train
1962,100,90,2,100,0,100_90_2_100,train
1963,100,90,2,100,0,100_90_2_100,train
1964,100,90,2,100,0,100_90_2_100,train
1965,100,90,2,100,0,100_90_2_100,train
1966,100,90,2,100,0,100_90_2_100,train
1967,100,90,2,100,0,100_90_2_100,train
1968,100,90,2,100,0,100_90_2_100,train
1969,100,90,2,100,0,100_90_2_100,train
1970,100,90,2,100,0,100_90_2_100,train
1971,100,90,2,100,0,100_90_2_100,train
1972,100,100,2,100,0,100_100_2_100,test
1973,100,100,2,100,0,100_100_2_100,test
1974,100,100,2,100,0,100_100_2_100,test
1975,100,100,2,100,0,100_100_2_100,test
1976,100,100,2,100,0,100_100_2_100,test
1977,100,100,2,100,0,100_100_2_100,test
1978,100,100,2,100,0,100_100_2_100,test
1979,100,100,2,100,0,100_100_2_100,test
1980,100,100,2,100,0,100_100_2_100,test
1981,100,100,2,100,0,100_100_2_100,test
1982,100,100,1,100,1,100_100_1_100,train
1983,100,73,1,100,0,100_73_1_100,test
1984,100,73,1,100,0,100_73_1_100,test
1985,100,73,1,100,0,100_73_1_100,test
1986,100,73,1,100,0,100_73_1_100,test
1987,100,73,1,100,0,100_73_1_100,test
1988,100,73,1,100,0,100_73_1_100,test
1989,100,73,1,100,0,100_73_1_100,test
1990,100,73,1,100,0,100_73_1_100,test
1991,100,73,1,100,0,100_73_1_100,test
1992,100,73,1,100,0,100_73_1_100,test
1993,100,80,1,100,0,100_80_1_100,train
1994,100,80,1,100,0,100_80_1_100,train
1995,100,80,1,100,0,100_80_1_100,train
1996,100,80,1,100,0,100_80_1_100,train
1997,100,80,1,100,0,100_80_1_100,train
1998,100,80,1,100,0,100_80_1_100,train
1999,100,80,1,100,0,100_80_1_100,train
2000,100,80,1,100,0,100_80_1_100,train
2001,100,80,1,100,0,100_80_1_100,train
2002,100,80,1,100,0,100_80_1_100,train
2003,100,90,1,100,0,100_90_1_100,train
2004,100,90,1,100,0,100_90_1_100,train
2005,100,90,1,100,0,100_90_1_100,train
2006,100,90,1,100,0,100_90_1_100,train
2007,100,90,1,100,0,100_90_1_100,train
2008,100,90,1,100,0,100_90_1_100,train
2009,100,90,1,100,0,100_90_1_100,train
2010,100,90,1,100,0,100_90_1_100,train
2011,100,90,1,100,0,100_90_1_100,train
2012,100,90,1,100,0,100_90_1_100,train
2013,100,100,1,100,0,100_100_1_100,train
2014,100,100,1,100,0,100_100_1_100,train
2015,100,100,1,100,0,100_100_1_100,train
2016,100,100,1,100,0,100_100_1_100,train
2017,100,100,1,100,0,100_100_1_100,train
2018,100,100,1,100,0,100_100_1_100,train
2019,100,100,1,100,0,100_100_1_100,train
2020,100,100,1,100,0,100_100_1_100,train
2021,100,100,1,100,0,100_100_1_100,train
2022,100,100,1,100,0,100_100_1_100,train
2023,100,100,0,100,1,100_100_0_100,train
2024,100,73,0,100,0,100_73_0_100,train
2025,100,73,0,100,0,100_73_0_100,train
2026,100,73,0,100,0,100_73_0_100,train
2027,100,73,0,100,0,100_73_0_100,train
2028,100,73,0,100,0,100_73_0_100,train
2029,100,73,0,100,0,100_73_0_100,train
2030,100,73,0,100,0,100_73_0_100,train
2031,100,73,0,100,0,100_73_0_100,train
2032,100,73,0,100,0,100_73_0_100,train
2033,100,73,0,100,0,100_73_0_100,train
2034,100,80,0,100,0,100_80_0_100,test
2035,100,80,0,100,0,100_80_0_100,test
2036,100,80,0,100,0,100_80_0_100,test
2037,100,80,0,100,0,100_80_0_100,test
2038,100,80,0,100,0,100_80_0_100,test
2039,100,80,0,100,0,100_80_0_100,test
2040,100,80,0,100,0,100_80_0_100,test
2041,100,80,0,100,0,100_80_0_100,test
2042,100,80,0,100,0,100_80_0_100,test
2043,100,80,0,100,0,100_80_0_100,test
2044,100,90,0,100,0,100_90_0_100,train
2045,100,90,0,100,0,100_90_0_100,train
2046,100,90,0,100,0,100_90_0_100,train
2047,100,90,0,100,0,100_90_0_100,train
2048,100,90,0,100,0,100_90_0_100,train
2049,100,90,0,100,0,100_90_0_100,train
2050,100,90,0,100,0,100_90_0_100,train
2051,100,90,0,100,0,100_90_0_100,train
2052,100,90,0,100,0,100_90_0_100,train
2053,100,90,0,100,0,100_90_0_100,train
2054,100,100,0,100,0,100_100_0_100,train
2055,100,100,0,100,0,100_100_0_100,train
2056,100,100,0,100,0,100_100_0_100,train
2057,100,100,0,100,0,100_100_0_100,train
2058,100,100,0,100,0,100_100_0_100,train
2059,100,100,0,100,0,100_100_0_100,train
2060,100,100,0,100,0,100_100_0_100,train
2061,100,100,0,100,0,100_100_0_100,train
2062,100,100,0,100,0,100_100_0_100,train
2063,100,100,0,100,0,100_100_0_100,train
2064,100,100,0,90,1,100_100_0_90,train
2065,100,100,0,90,1,100_100_0_90,train
2066,100,100,0,90,1,100_100_0_90,train
2067,100,100,0,90,1,100_100_0_90,train
2068,100,100,0,90,1,100_100_0_90,train
2069,100,100,0,90,1,100_100_0_90,train
2070,100,100,0,90,1,100_100_0_90,train
2071,100,100,0,90,1,100_100_0_90,train
2072,100,100,0,90,1,100_100_0_90,train
2073,100,100,0,90,1,100_100_0_90,train
2074,100,100,2,90,1,100_100_2_90,train
2075,100,73,2,90,0,100_73_2_90,test
2076,100,73,2,90,0,100_73_2_90,test
2077,100,73,2,90,0,100_73_2_90,test
2078,100,73,2,90,0,100_73_2_90,test
2079,100,73,2,90,0,100_73_2_90,test
2080,100,73,2,90,0,100_73_2_90,test
2081,100,73,2,90,0,100_73_2_90,test
2082,100,73,2,90,0,100_73_2_90,test
2083,100,73,2,90,0,100_73_2_90,test
2084,100,73,2,90,0,100_73_2_90,test
2085,100,80,2,90,0,100_80_2_90,train
2086,100,80,2,90,0,100_80_2_90,train
2087,100,80,2,90,0,100_80_2_90,train
2088,100,80,2,90,0,100_80_2_90,train
2089,100,80,2,90,0,100_80_2_90,train
2090,100,80,2,90,0,100_80_2_90,train
2091,100,80,2,90,0,100_80_2_90,train
2092,100,80,2,90,0,100_80_2_90,train
2093,100,80,2,90,0,100_80_2_90,train
2094,100,80,2,90,0,100_80_2_90,train
2095,100,90,2,90,0,100_90_2_90,train
2096,100,90,2,90,0,100_90_2_90,train
2097,100,90,2,90,0,100_90_2_90,train
2098,100,90,2,90,0,100_90_2_90,train
2099,100,90,2,90,0,100_90_2_90,train
2100,100,90,2,90,0,100_90_2_90,train
2101,100,90,2,90,0,100_90_2_90,train
2102,100,90,2,90,0,100_90_2_90,train
2103,100,90,2,90,0,100_90_2_90,train
2104,100,90,2,90,0,100_90_2_90,train
2105,100,100,2,90,0,100_100_2_90,train
2106,100,100,2,90,0,100_100_2_90,train
2107,100,100,2,90,0,100_100_2_90,train
2108,100,100,2,90,0,100_100_2_90,train
2109,100,100,2,90,0,100_100_2_90,train
2110,100,100,2,90,0,100_100_2_90,train
2111,100,100,2,90,0,100_100_2_90,train
2112,100,100,2,90,0,100_100_2_90,train
2113,100,100,2,90,0,100_100_2_90,train
2114,100,100,2,90,0,100_100_2_90,train
2115,100,100,1,90,1,100_100_1_90,train
2116,100,73,1,90,0,100_73_1_90,train
2117,100,73,1,90,0,100_73_1_90,train
2118,100,73,1,90,0,100_73_1_90,train
2119,100,73,1,90,0,100_73_1_90,train
2120,100,73,1,90,0,100_73_1_90,train
2121,100,73,1,90,0,100_73_1_90,train
2122,100,73,1,90,0,100_73_1_90,train
2123,100,73,1,90,0,100_73_1_90,train
2124,100,73,1,90,0,100_73_1_90,train
2125,100,73,1,90,0,100_73_1_90,train
2126,100,80,1,90,0,100_80_1_90,test
2127,100,80,1,90,0,100_80_1_90,test
2128,100,80,1,90,0,100_80_1_90,test
2129,100,80,1,90,0,100_80_1_90,test
2130,100,80,1,90,0,100_80_1_90,test
2131,100,80,1,90,0,100_80_1_90,test
2132,100,80,1,90,0,100_80_1_90,test
2133,100,80,1,90,0,100_80_1_90,test
2134,100,80,1,90,0,100_80_1_90,test
2135,100,80,1,90,0,100_80_1_90,test
2136,100,90,1,90,0,100_90_1_90,train
2137,100,90,1,90,0,100_90_1_90,train
2138,100,90,1,90,0,100_90_1_90,train
2139,100,90,1,90,0,100_90_1_90,train
2140,100,90,1,90,0,100_90_1_90,train
2141,100,90,1,90,0,100_90_1_90,train
2142,100,90,1,90,0,100_90_1_90,train
2143,100,90,1,90,0,100_90_1_90,train
2144,100,90,1,90,0,100_90_1_90,train
2145,100,90,1,90,0,100_90_1_90,train
2146,100,100,1,90,0,100_100_1_90,train
2147,100,100,1,90,0,100_100_1_90,train
2148,100,100,1,90,0,100_100_1_90,train
2149,100,100,1,90,0,100_100_1_90,train
2150,100,100,1,90,0,100_100_1_90,train
2151,100,100,1,90,0,100_100_1_90,train
2152,100,100,1,90,0,100_100_1_90,train
2153,100,100,1,90,0,100_100_1_90,train
2154,100,100,1,90,0,100_100_1_90,train
2155,100,100,1,90,0,100_100_1_90,train
2156,100,100,0,90,1,100_100_0_90,train
2157,100,73,0,90,0,100_73_0_90,train
2158,100,73,0,90,0,100_73_0_90,train
2159,100,73,0,90,0,100_73_0_90,train
2160,100,73,0,90,0,100_73_0_90,train
2161,100,73,0,90,0,100_73_0_90,train
2162,100,73,0,90,0,100_73_0_90,train
2163,100,73,0,90,0,100_73_0_90,train
2164,100,73,0,90,0,100_73_0_90,train
2165,100,73,0,90,0,100_73_0_90,train
2166,100,73,0,90,0,100_73_0_90,train
2167,100,80,0,90,0,100_80_0_90,train
2168,100,80,0,90,0,100_80_0_90,train
2169,100,80,0,90,0,100_80_0_90,train
2170,100,80,0,90,0,100_80_0_90,train
2171,100,80,0,90,0,100_80_0_90,train
2172,100,80,0,90,0,100_80_0_90,train
2173,100,80,0,90,0,100_80_0_90,train
2174,100,80,0,90,0,100_80_0_90,train
2175,100,80,0,90,0,100_80_0_90,train
2176,100,80,0,90,0,100_80_0_90,train
2177,100,90,0,90,0,100_90_0_90,test
2178,100,90,0,90,0,100_90_0_90,test
2179,100,90,0,90,0,100_90_0_90,test
2180,100,90,0,90,0,100_90_0_90,test
2181,100,90,0,90,0,100_90_0_90,test
2182,100,90,0,90,0,100_90_0_90,test
2183,100,90,0,90,0,100_90_0_90,test
2184,100,90,0,90,0,100_90_0_90,test
2185,100,90,0,90,0,100_90_0_90,test
2186,100,90,0,90,0,100_90_0_90,test
2187,100,100,0,90,0,100_100_0_90,train
2188,100,100,0,90,0,100_100_0_90,train
2189,100,100,0,90,0,100_100_0_90,train
2190,100,100,0,90,0,100_100_0_90,train
2191,100,100,0,90,0,100_100_0_90,train
2192,100,100,0,90,0,100_100_0_90,train
2193,100,100,0,90,0,100_100_0_90,train
2194,100,100,0,90,0,100_100_0_90,train
2195,100,100,0,90,0,100_100_0_90,train
2196,100,100,0,90,0,100_100_0_90,train
2197,100,100,0,90,0,100_100_0_90,train
2198,100,100,0,90,0,100_100_0_90,train
2199,100,100,0,90,0,100_100_0_90,train
2200,100,100,0,90,0,100_100_0_90,train
2201,100,100,0,90,0,100_100_0_90,train
2202,100,100,0,90,0,100_100_0_90,train
2203,100,100,0,90,0,100_100_0_90,train
2204,100,100,0,90,0,100_100_0_90,train
2205,100,100,0,90,0,100_100_0_90,train
